"SubjID","AltID","Session","Cond_code","Sequencing","Feedback","All_Items","Correct","Incorrect","Reamaining","ElapsedTime","P.sgp..H","P.sgp..M","P.sgp..L","EAP.sgp","MAP.sgp","P.cr..H","P.cr..M","P.cr..L","EAP.cr","MAP.cr","P.dt..H","P.dt..M","P.dt..L","EAP.dt","MAP.dt","P.eg..H","P.eg..M","P.eg..L","EAP.eg","MAP.eg","P.exp..H","P.exp..M","P.exp..L","EAP.exp","MAP.exp","P.ext..H","P.ext..M","P.ext..L","EAP.ext","MAP.ext","P.mod..H","P.mod..M","P.mod..L","EAP.mod","MAP.mod","P.rr..H","P.rr..M","P.rr..L","EAP.rr","MAP.rr","P.tab..H","P.tab..M","P.tab..L","EAP.tab","MAP.tab","P.vr..H","P.vr..M","P.vr..L","EAP.vr","MAP.vr","P.pic..H","P.pic..M","P.pic..L","EAP.pic","MAP.pic"
"S055","s01-01","c01","adaptive_acc","Adaptive","Accuracy",63,8,55,0,2656,0,0,1,0,"L",0.072,0.6,0.328,0.744,"M",0.097,0.227,0.675,0.422,"L",0,0.01,0.99,0.01,"L",0,0.003,0.997,0.00299999999999989,"L",0.002,0.321,0.678,0.324,"L",0,0.016,0.984,0.0169999999999999,"L",0.008,0.229,0.763,0.245,"L",0.001,0.061,0.938,0.0629999999999999,"L",0.043,0.35,0.607,0.437,"L",0,0.03,0.97,0.03,"L"
"S058","s01-02","c01","adaptive_acc","Adaptive","Accuracy",63,33,30,0,2688,0.005,0.562,0.433,0.572,"M",0.847,0.149,0.004,1.843,"H",0.167,0.274,0.56,0.607,"L",0,0.039,0.961,0.04,"L",0.006,0.087,0.907,0.099,"L",0.962,0.038,0,1.962,"H",0.154,0.394,0.452,0.703,"L",0.828,0.167,0.004,1.824,"H",0.007,0.153,0.84,0.166,"L",0.068,0.28,0.652,0.417,"L",0.182,0.492,0.326,0.856,"M"
"S053","s01-03","c01","adaptive_full","Adaptive","Full",63,12,51,0,2145,0,0.001,0.999,0.00099999999999989,"L",0.019,0.402,0.579,0.439,"L",0.097,0.227,0.675,0.422,"L",0,0.01,0.99,0.01,"L",0,0.005,0.995,0.00499999999999989,"L",0.014,0.577,0.409,0.604,"M",0.065,0.274,0.661,0.404,"L",0.009,0.231,0.76,0.249,"L",0.021,0.229,0.75,0.271,"L",0.166,0.499,0.336,0.83,"M",0.005,0.146,0.849,0.156,"L"
"S061","s01-04","c01","adaptive_acc","Adaptive","Accuracy",63,21,42,0,1892,0.001,0.096,0.903,0.097,"L",0.055,0.409,0.536,0.518,"L",0.109,0.235,0.656,0.453,"L",0,0.015,0.985,0.0149999999999999,"L",0,0.019,0.981,0.02,"L",0.322,0.652,0.027,1.295,"M",0.013,0.14,0.847,0.166,"L",0.145,0.577,0.278,0.866,"M",0.003,0.105,0.892,0.112,"L",0.028,0.267,0.705,0.322,"L",0.034,0.312,0.654,0.38,"L"
"S063","s01-05","c01","adaptive_acc","Adaptive","Accuracy",63,21,42,0,2272,0.033,0.794,0.173,0.861,"M",0.852,0.14,0.008,1.844,"H",0.201,0.296,0.503,0.698,"L",0.001,0.056,0.943,0.0580000000000001,"L",0,0.004,0.996,0.004,"L",0.701,0.291,0.007,1.694,"H",0.004,0.11,0.887,0.117,"L",0.041,0.424,0.535,0.506,"L",0.003,0.098,0.899,0.103,"L",0.019,0.198,0.783,0.236,"L",0,0.037,0.962,0.038,"L"
"S066","s01-06","c01","adaptive_acc","Adaptive","Accuracy",63,19,44,0,1023,0,0.116,0.884,0.116,"L",0.281,0.597,0.121,1.16,"M",0.111,0.237,0.652,0.46,"L",0,0.016,0.984,0.016,"L",0,0.003,0.997,0.00299999999999989,"L",0.439,0.546,0.016,1.423,"M",0.001,0.043,0.956,0.0449999999999999,"L",0.008,0.227,0.765,0.243,"L",0.244,0.483,0.273,0.971,"M",0.003,0.096,0.901,0.101,"L",0,0.031,0.969,0.0309999999999999,"L"
"S062","s01-07","c01","adaptive_full","Adaptive","Full",63,12,49,0,1043,0,0.002,0.998,0.002,"L",0.019,0.402,0.579,0.44,"L",0.098,0.227,0.675,0.423,"L",0,0.01,0.99,0.01,"L",0,0.009,0.991,0.0089999999999999,"L",0.044,0.788,0.168,0.876,"M",0.001,0.048,0.951,0.05,"L",0.008,0.227,0.765,0.243,"L",0.001,0.063,0.936,0.0649999999999999,"L",0.001,0.075,0.923,0.0780000000000001,"L",0,0.02,0.98,0.02,"L"
"S054","s01-08","c01","linear_full","Linear","Full",63,34,29,0,2131,0.69,0.307,0.003,1.687,"H",0.893,0.096,0.011,1.882,"H",0.28,0.327,0.392,0.888,"L",0.885,0.111,0.004,1.881,"H",0,0.029,0.97,0.03,"L",0.995,0.005,0,1.995,"H",0.419,0.448,0.133,1.286,"M",0.003,0.113,0.884,0.119,"L",0.945,0.054,0.001,1.944,"H",0.284,0.449,0.268,1.016,"M",0.028,0.282,0.691,0.337,"L"
"S057","s01-09","c01","linear_full","Linear","Full",63,25,28,10,NA,0.258,0.622,0.119,1.139,"M",0.677,0.263,0.06,1.618,"H",0.228,0.306,0.466,0.761,"L",0.015,0.193,0.792,0.222,"L",0,0.013,0.987,0.0129999999999999,"L",0.981,0.019,0,1.981,"H",0.268,0.436,0.296,0.972,"M",0.178,0.562,0.26,0.918,"M",0.28,0.488,0.232,1.048,"M",0.162,0.346,0.491,0.671,"L",0.382,0.335,0.283,1.099,"H"
"S060","s01-10","c01","linear_full","Linear","Full",63,28,35,0,2576,0.049,0.903,0.048,1.001,"M",0.962,0.037,0.001,1.961,"H",0.218,0.306,0.476,0.741,"L",0.001,0.065,0.934,0.0669999999999999,"L",0,0.004,0.996,0.004,"L",0.975,0.025,0,1.975,"H",0.001,0.067,0.932,0.069,"L",0.143,0.578,0.279,0.864,"M",0.561,0.386,0.052,1.509,"H",0.004,0.096,0.9,0.105,"L",0,0.032,0.968,0.0329999999999999,"L"
"S067","s01-11","c01","adaptive_full","Adaptive","Full",63,6,54,0,NA,0,0,1,0,"L",0.018,0.402,0.58,0.439,"L",0.097,0.227,0.675,0.422,"L",0,0.01,0.99,0.01,"L",0,0.011,0.989,0.0109999999999999,"L",0.001,0.293,0.706,0.296,"L",0.001,0.033,0.966,0.034,"L",0.008,0.227,0.765,0.243,"L",0.001,0.068,0.931,0.071,"L",0.002,0.099,0.898,0.104,"L",0,0.031,0.968,0.032,"L"
"S056","s01-12","c01","adaptive_full","Adaptive","Full",63,20,43,0,2009,0,0.026,0.974,0.026,"L",0.224,0.643,0.133,1.09,"M",0.1,0.229,0.67,0.43,"L",0,0.011,0.989,0.0109999999999999,"L",0,0.009,0.991,0.0089999999999999,"L",0.562,0.431,0.006,1.556,"H",0.001,0.039,0.96,0.0409999999999999,"L",0.039,0.422,0.539,0.499,"L",0.059,0.345,0.596,0.463,"L",0.004,0.116,0.881,0.123,"L",0,0.011,0.989,0.0109999999999999,"L"
"S059","s01-13","c01","adaptive_full","Adaptive","Full",63,20,37,6,NA,0,0.053,0.947,0.0529999999999999,"L",0.038,0.406,0.556,0.482,"L",0.104,0.232,0.665,0.439,"L",0,0.022,0.978,0.0229999999999999,"L",0.116,0.278,0.606,0.51,"L",0.045,0.729,0.227,0.818,"M",0.141,0.346,0.513,0.628,"L",0.739,0.235,0.026,1.714,"H",0.003,0.087,0.91,0.093,"L",0.478,0.378,0.144,1.334,"H",0,0.033,0.967,0.0329999999999999,"L"
"S064","s01-14","c01","adaptive_full","Adaptive","Full",63,36,27,0,2317,0.953,0.047,0,1.953,"H",0.999,0.001,0,1.999,"H",0.304,0.335,0.361,0.943,"L",0.009,0.201,0.791,0.218,"L",0.066,0.278,0.657,0.409,"L",0.998,0.002,0,1.998,"H",0.452,0.454,0.094,1.358,"M",0.067,0.306,0.626,0.441,"L",0.334,0.487,0.179,1.155,"M",0.65,0.297,0.053,1.597,"H",0.78,0.208,0.012,1.767,"H"
"S065","s01-15","c01","linear_full","Linear","Full",63,30,33,0,1971,0.001,0.337,0.661,0.34,"L",0.78,0.214,0.006,1.773,"H",0.139,0.255,0.606,0.532,"L",0.038,0.263,0.698,0.34,"L",0,0.022,0.977,0.0229999999999999,"L",0.848,0.152,0.001,1.847,"H",0.001,0.046,0.953,0.048,"L",0.143,0.578,0.279,0.864,"M",0.413,0.454,0.133,1.28,"M",0.008,0.128,0.864,0.144,"L",0,0.041,0.958,0.042,"L"
"S068","s01-16","c01","linear_full","Linear","Full",63,16,47,0,1286,0,0.007,0.993,0.0069999999999999,"L",0.021,0.403,0.576,0.445,"L",0.098,0.228,0.674,0.424,"L",0,0.01,0.99,0.01,"L",0,0.012,0.988,0.012,"L",0.011,0.494,0.495,0.516,"L",0.001,0.039,0.96,0.0409999999999999,"L",0.039,0.422,0.539,0.501,"L",0.349,0.464,0.187,1.161,"M",0.011,0.195,0.794,0.217,"L",0.015,0.228,0.757,0.257,"L"
"S052","s01-17","c01","adaptive_acc","Adaptive","Accuracy",63,20,14,29,NA,0.747,0.252,0.001,1.747,"H",0.99,0.009,0,1.99,"H",0.286,0.329,0.385,0.901,"L",0.855,0.136,0.009,1.847,"H",0.009,0.061,0.93,0.0780000000000001,"L",0.99,0.01,0,1.99,"H",0.122,0.459,0.419,0.703,"M",0.288,0.396,0.316,0.972,"M",0.737,0.236,0.026,1.711,"H",0.247,0.414,0.339,0.907,"M",0.017,0.22,0.764,0.253,"L"
"S241","s10-01","c10","adaptive_full","Adaptive","Full",63,34,29,0,1971,0.05,0.843,0.107,0.943,"M",0.99,0.01,0,1.99,"H",0.21,0.301,0.488,0.722,"L",0.523,0.395,0.082,1.441,"H",0,0.007,0.993,0.0069999999999999,"L",0.994,0.006,0,1.994,"H",0.058,0.348,0.593,0.465,"L",0.002,0.103,0.895,0.106,"L",0.199,0.515,0.287,0.912,"M",0.035,0.257,0.708,0.327,"L",0.205,0.525,0.27,0.935,"M"
"S230","s10-02","c10","linear_full","Linear","Full",63,41,22,0,2607,0.888,0.112,0,1.888,"H",0.999,0.001,0,1.999,"H",0.298,0.333,0.369,0.93,"L",0.918,0.08,0.002,1.917,"H",0.034,0.28,0.686,0.348,"L",0.996,0.004,0,1.996,"H",0.717,0.262,0.02,1.697,"H",0.811,0.179,0.01,1.801,"H",0.024,0.265,0.711,0.313,"L",0.703,0.251,0.046,1.656,"H",0.029,0.303,0.668,0.36,"L"
"S232","s10-03","c10","adaptive_full","Adaptive","Full",63,21,42,0,1942,0.032,0.711,0.256,0.776,"M",0.686,0.275,0.039,1.647,"H",0.191,0.289,0.521,0.67,"L",0.001,0.052,0.948,0.0529999999999999,"L",0,0.002,0.998,0.002,"L",0.58,0.405,0.015,1.565,"H",0.235,0.437,0.328,0.908,"M",0.001,0.102,0.896,0.105,"L",0.65,0.312,0.038,1.612,"H",0.016,0.188,0.796,0.219,"L",0.001,0.06,0.939,0.0620000000000001,"L"
"S233","s10-04","c10","linear_full","Linear","Full",63,45,18,0,2243,0.976,0.024,0,1.976,"H",1,0,0,2,"H",0.306,0.335,0.358,0.948,"L",0.839,0.155,0.006,1.834,"H",0.002,0.079,0.918,0.0840000000000001,"L",1,0,0,2,"H",0.431,0.467,0.101,1.33,"M",0.758,0.228,0.014,1.744,"H",0.392,0.469,0.139,1.253,"M",0.569,0.334,0.097,1.472,"H",0.138,0.497,0.365,0.773,"M"
"S236","s10-05","c10","linear_full","Linear","Full",63,16,47,0,1960,0,0.003,0.997,0.00299999999999989,"L",0.074,0.599,0.328,0.746,"M",0.098,0.227,0.675,0.423,"L",0,0.01,0.99,0.01,"L",0.232,0.357,0.411,0.821,"L",0,0.028,0.972,0.028,"L",0.001,0.035,0.965,0.036,"L",0.5,0.427,0.073,1.427,"H",0.001,0.049,0.95,0.05,"L",0.115,0.34,0.545,0.57,"L",0.001,0.066,0.933,0.0669999999999999,"L"
"S235","s10-06","c10","adaptive_full","Adaptive","Full",63,30,33,0,1864,0.018,0.806,0.175,0.843,"M",0.966,0.034,0,1.966,"H",0.199,0.295,0.506,0.694,"L",0.001,0.054,0.946,0.0549999999999999,"L",0.009,0.118,0.873,0.135,"L",0.978,0.022,0,1.978,"H",0.004,0.116,0.88,0.125,"L",0.02,0.25,0.73,0.29,"L",0.004,0.132,0.864,0.14,"L",0.314,0.448,0.239,1.075,"M",0.402,0.475,0.123,1.28,"M"
"S240","s10-07","c10","adaptive_acc","Adaptive","Accuracy",63,22,41,0,2341,0,0.005,0.995,0.00499999999999989,"L",0.681,0.31,0.009,1.672,"H",0.098,0.228,0.675,0.423,"L",0.009,0.151,0.84,0.169,"L",0.001,0.04,0.959,0.042,"L",0.054,0.757,0.19,0.864,"M",0.026,0.191,0.784,0.242,"L",0.044,0.424,0.531,0.513,"L",0.037,0.29,0.674,0.363,"L",0.1,0.444,0.456,0.643,"L",0.001,0.071,0.928,0.073,"L"
"S239","s10-08","c10","linear_full","Linear","Full",63,38,25,0,2574,0.751,0.248,0,1.751,"H",0.994,0.006,0,1.994,"H",0.286,0.329,0.385,0.901,"L",0.896,0.101,0.003,1.893,"H",0.024,0.189,0.787,0.237,"L",0.99,0.01,0,1.99,"H",0.494,0.417,0.089,1.405,"H",0.009,0.141,0.85,0.159,"L",0.595,0.35,0.055,1.54,"H",0.554,0.355,0.091,1.463,"H",0.013,0.214,0.772,0.241,"L"
"S234","s10-09","c10","adaptive_acc","Adaptive","Accuracy",63,14,49,0,1496,0,0.002,0.998,0.002,"L",0.019,0.402,0.579,0.44,"L",0.098,0.227,0.675,0.422,"L",0,0.01,0.99,0.01,"L",0,0.003,0.997,0.00299999999999989,"L",0.076,0.774,0.15,0.926,"M",0,0.026,0.974,0.026,"L",0.008,0.227,0.765,0.243,"L",0.358,0.476,0.167,1.191,"M",0.001,0.072,0.927,0.075,"L",0,0.018,0.982,0.018,"L"
"S231","s10-10","c10","adaptive_acc","Adaptive","Accuracy",63,37,25,1,2285,0.469,0.525,0.006,1.463,"M",0.936,0.061,0.003,1.934,"H",0.26,0.321,0.419,0.841,"L",0.005,0.129,0.867,0.138,"L",0.193,0.388,0.419,0.774,"L",0.991,0.009,0,1.991,"H",0.372,0.459,0.169,1.204,"M",0.906,0.091,0.002,1.904,"H",0.413,0.455,0.133,1.28,"M",0.26,0.394,0.346,0.913,"M",0.047,0.339,0.613,0.434,"L"
"S243","s10-11","c10","adaptive_acc","Adaptive","Accuracy",63,24,39,0,2248,0.002,0.405,0.593,0.409,"L",0.8,0.194,0.006,1.794,"H",0.147,0.26,0.592,0.555,"L",0.01,0.16,0.83,0.18,"L",0,0.003,0.997,0.00299999999999989,"L",0.732,0.265,0.003,1.728,"H",0.002,0.067,0.931,0.071,"L",0.008,0.228,0.764,0.244,"L",0.224,0.49,0.286,0.939,"M",0.004,0.103,0.893,0.111,"L",0,0.039,0.961,0.04,"L"
"S228","s10-12","c10","adaptive_acc","Adaptive","Accuracy",63,18,45,0,2253,0,0.123,0.877,0.123,"L",0.286,0.594,0.121,1.165,"M",0.112,0.237,0.65,0.462,"L",0,0.016,0.984,0.016,"L",0,0.003,0.997,0.00299999999999989,"L",0.676,0.321,0.003,1.673,"H",0,0.011,0.989,0.0109999999999999,"L",0.001,0.101,0.897,0.104,"L",0.002,0.072,0.926,0.0760000000000001,"L",0.002,0.083,0.915,0.087,"L",0.042,0.322,0.636,0.406,"L"
"S238","s10-13","c10","adaptive_full","Adaptive","Full",63,33,30,0,1952,0.01,0.625,0.365,0.645,"M",0.939,0.06,0.001,1.939,"H",0.175,0.279,0.545,0.63,"L",0.415,0.418,0.166,1.249,"M",0.032,0.19,0.778,0.254,"L",0.789,0.209,0.002,1.787,"H",0.012,0.165,0.823,0.189,"L",0.464,0.458,0.079,1.385,"H",0.001,0.064,0.934,0.0669999999999999,"L",0.234,0.399,0.367,0.867,"M",0.05,0.368,0.582,0.468,"L"
"S229","s10-14","c10","adaptive_full","Adaptive","Full",63,24,39,0,2657,0,0.051,0.948,0.052,"L",0.037,0.406,0.557,0.481,"L",0.104,0.231,0.665,0.439,"L",0,0.012,0.988,0.012,"L",0,0.003,0.997,0.00299999999999989,"L",0.968,0.032,0,1.968,"H",0.038,0.23,0.732,0.306,"L",0.142,0.578,0.28,0.862,"M",0.088,0.425,0.488,0.6,"L",0.021,0.241,0.738,0.283,"L",0.003,0.101,0.896,0.107,"L"
"S242","s10-15","c10","linear_full","Linear","Full",63,32,31,0,2425,0.16,0.785,0.054,1.106,"M",0.835,0.153,0.012,1.823,"H",0.227,0.309,0.464,0.762,"L",0.002,0.081,0.917,0.085,"L",0.085,0.312,0.603,0.481,"L",0.989,0.011,0,1.989,"H",0.39,0.447,0.163,1.227,"M",0.037,0.267,0.695,0.342,"L",0.093,0.426,0.481,0.612,"L",0.178,0.398,0.424,0.753,"L",0.145,0.493,0.363,0.782,"M"
"S237","s10-16","c10","adaptive_acc","Adaptive","Accuracy",63,26,23,14,NA,0.006,0.307,0.688,0.318,"L",0.257,0.507,0.236,1.022,"M",0.136,0.253,0.611,0.525,"L",0.009,0.138,0.853,0.156,"L",0.004,0.038,0.959,0.0449999999999999,"L",0.987,0.013,0,1.987,"H",0.194,0.374,0.433,0.761,"L",0.354,0.492,0.154,1.2,"M",0.405,0.461,0.134,1.271,"M",0.089,0.353,0.558,0.53,"L",0.108,0.434,0.458,0.65,"L"
"S260","s11-01","c11","linear_full","Linear","Full",63,29,34,0,2032,0.027,0.614,0.36,0.667,"M",0.619,0.328,0.053,1.567,"H",0.178,0.28,0.542,0.636,"L",0.206,0.45,0.344,0.863,"M",0,0.006,0.994,0.00600000000000001,"L",0.809,0.189,0.002,1.807,"H",0.103,0.364,0.533,0.57,"L",0.626,0.35,0.024,1.602,"H",0.216,0.496,0.288,0.928,"M",0.05,0.258,0.692,0.358,"L",0,0.023,0.977,0.0229999999999999,"L"
"S257","s11-02","c11","linear_full","Linear","Full",63,20,43,0,1141,0,0.041,0.959,0.0409999999999999,"L",0.456,0.504,0.04,1.416,"M",0.102,0.231,0.667,0.435,"L",0.055,0.314,0.631,0.423,"L",0,0.001,0.999,0.00099999999999989,"L",0.245,0.722,0.032,1.213,"M",0,0.01,0.989,0.0109999999999999,"L",0.038,0.422,0.54,0.498,"L",0.009,0.171,0.82,0.19,"L",0,0.03,0.969,0.0309999999999999,"L",0,0.016,0.984,0.016,"L"
"S258","s11-03","c11","adaptive_acc","Adaptive","Accuracy",63,24,39,0,1485,0.004,0.404,0.592,0.412,"L",0.468,0.449,0.083,1.385,"H",0.147,0.261,0.592,0.555,"L",0,0.031,0.969,0.0309999999999999,"L",0,0.001,0.999,0.00099999999999989,"L",0.977,0.023,0,1.977,"H",0.091,0.324,0.586,0.505,"L",0.008,0.228,0.763,0.245,"L",0.057,0.366,0.577,0.48,"L",0.013,0.18,0.807,0.206,"L",0.282,0.49,0.228,1.053,"M"
"S249","s11-04","c11","adaptive_acc","Adaptive","Accuracy",63,15,48,0,2046,0,0,1,0,"L",0.072,0.599,0.328,0.744,"M",0.097,0.227,0.675,0.422,"L",0,0.01,0.99,0.01,"L",0.001,0.033,0.967,0.034,"L",0.139,0.797,0.064,1.075,"M",0.001,0.043,0.956,0.0449999999999999,"L",0.01,0.232,0.759,0.251,"L",0.001,0.045,0.955,0.046,"L",0.14,0.495,0.365,0.775,"M",0.009,0.188,0.803,0.206,"L"
"S253","s11-05","c11","adaptive_full","Adaptive","Full",63,20,43,0,2658,0,0.006,0.994,0.00600000000000001,"L",0.075,0.598,0.327,0.749,"M",0.098,0.228,0.674,0.424,"L",0,0.01,0.99,0.01,"L",0,0.008,0.992,0.00800000000000001,"L",0.787,0.212,0.001,1.786,"H",0.001,0.046,0.953,0.0489999999999999,"L",0.039,0.422,0.539,0.5,"L",0.034,0.285,0.68,0.354,"L",0.006,0.149,0.845,0.16,"L",0.004,0.119,0.877,0.127,"L"
"S263","s11-06","c11","linear_full","Linear","Full",63,28,35,0,2405,0.008,0.497,0.495,0.512,"M",0.53,0.399,0.071,1.459,"H",0.159,0.269,0.572,0.587,"L",0,0.036,0.963,0.0369999999999999,"L",0.001,0.035,0.964,0.0369999999999999,"L",0.648,0.345,0.007,1.641,"H",0.011,0.147,0.843,0.168,"L",0.817,0.178,0.005,1.812,"H",0.391,0.464,0.145,1.246,"M",0.02,0.17,0.811,0.209,"L",0,0.023,0.977,0.0229999999999999,"L"
"S252","s11-07","c11","adaptive_acc","Adaptive","Accuracy",63,7,56,0,1136,0,0,1,0,"L",0.018,0.402,0.58,0.439,"L",0.097,0.227,0.675,0.422,"L",0,0.01,0.99,0.01,"L",0,0.008,0.992,0.0089999999999999,"L",0,0.105,0.895,0.105,"L",0,0.009,0.991,0.0089999999999999,"L",0.008,0.227,0.765,0.243,"L",0.025,0.268,0.707,0.318,"L",0.001,0.05,0.95,0.0509999999999999,"L",0,0.036,0.964,0.036,"L"
"S255","s11-08","c11","adaptive_acc","Adaptive","Accuracy",63,34,29,0,2190,0.607,0.391,0.001,1.606,"H",0.974,0.025,0,1.974,"H",0.273,0.325,0.402,0.872,"L",0.872,0.123,0.005,1.868,"H",0.001,0.036,0.963,0.038,"L",0.977,0.023,0,1.977,"H",0.669,0.297,0.035,1.634,"H",0.082,0.437,0.481,0.601,"L",0.087,0.406,0.507,0.579,"L",0.485,0.386,0.129,1.357,"H",0.024,0.267,0.709,0.315,"L"
"S254","s11-09","c11","linear_full","Linear","Full",63,46,17,0,2688,0.985,0.015,0,1.985,"H",1,0,0,2,"H",0.307,0.336,0.357,0.95,"L",0.934,0.065,0.001,1.933,"H",0.014,0.145,0.841,0.173,"L",1,0,0,2,"H",0.415,0.475,0.11,1.304,"M",0.278,0.51,0.212,1.066,"M",0.899,0.098,0.003,1.896,"H",0.365,0.422,0.212,1.153,"M",0.673,0.299,0.028,1.645,"H"
"S261","s11-10","c11","adaptive_acc","Adaptive","Accuracy",63,23,40,0,1765,0,0.153,0.847,0.154,"L",0.725,0.267,0.008,1.717,"H",0.116,0.24,0.644,0.472,"L",0,0.017,0.982,0.018,"L",0.001,0.038,0.961,0.04,"L",0.121,0.748,0.131,0.99,"M",0.001,0.042,0.957,0.044,"L",0.147,0.576,0.277,0.869,"M",0.016,0.202,0.782,0.234,"L",0.024,0.238,0.738,0.286,"L",0.131,0.473,0.396,0.735,"M"
"S262","s11-11","c11","adaptive_full","Adaptive","Full",63,18,45,0,1539,0,0.089,0.911,0.089,"L",0.264,0.611,0.125,1.139,"M",0.108,0.234,0.657,0.451,"L",0,0.014,0.986,0.014,"L",0,0.003,0.997,0.00299999999999989,"L",0.477,0.513,0.01,1.467,"M",0,0.007,0.993,0.0069999999999999,"L",0.008,0.227,0.765,0.243,"L",0.002,0.088,0.91,0.0920000000000001,"L",0,0.041,0.958,0.042,"L",0.048,0.349,0.603,0.445,"L"
"S251","s11-12","c11","linear_full","Linear","Full",63,26,37,0,1356,0,0.189,0.81,0.19,"L",0.53,0.436,0.034,1.496,"H",0.12,0.243,0.637,0.484,"L",0,0.019,0.981,0.02,"L",0.101,0.321,0.578,0.523,"L",0.2,0.715,0.085,1.115,"M",0.162,0.365,0.473,0.69,"L",0.09,0.425,0.484,0.606,"L",0.276,0.483,0.241,1.036,"M",0.11,0.376,0.514,0.595,"L",0.001,0.069,0.929,0.0720000000000001,"L"
"S250","s11-13","c11","adaptive_full","Adaptive","Full",63,26,37,0,1754,0.007,0.636,0.357,0.65,"M",0.87,0.127,0.003,1.866,"H",0.176,0.28,0.544,0.632,"L",0,0.043,0.957,0.044,"L",0.002,0.051,0.947,0.054,"L",0.739,0.257,0.004,1.735,"H",0.053,0.306,0.642,0.411,"L",0.044,0.424,0.532,0.511,"L",0.041,0.324,0.635,0.406,"L",0.022,0.211,0.767,0.255,"L",0.001,0.05,0.949,0.0509999999999999,"L"
"S259","s11-14","c11","adaptive_full","Adaptive","Full",63,35,27,1,1916,0.267,0.723,0.011,1.256,"M",0.985,0.015,0,1.985,"H",0.242,0.315,0.443,0.798,"L",0.177,0.484,0.339,0.838,"M",0.007,0.106,0.887,0.121,"L",0.971,0.029,0,1.971,"H",0.596,0.345,0.059,1.537,"H",0.454,0.466,0.08,1.374,"M",0.118,0.446,0.436,0.682,"M",0.247,0.397,0.356,0.891,"M",0.001,0.062,0.937,0.0649999999999999,"L"
"S256","s11-15","c11","adaptive_full","Adaptive","Full",63,13,49,0,2325,0,0.002,0.998,0.002,"L",0.073,0.599,0.328,0.745,"M",0.098,0.227,0.675,0.422,"L",0,0.025,0.975,0.026,"L",0.001,0.031,0.968,0.0329999999999999,"L",0,0.159,0.841,0.16,"L",0,0.018,0.982,0.018,"L",0.041,0.423,0.536,0.504,"L",0.001,0.07,0.929,0.0720000000000001,"L",0.029,0.297,0.673,0.356,"L",0.001,0.067,0.932,0.069,"L"
"S284","s12-01","c12","adaptive_acc","Adaptive","Accuracy",63,6,57,0,2122,0,0,1,0,"L",0.018,0.402,0.58,0.439,"L",0.097,0.227,0.675,0.422,"L",0,0.01,0.99,0.01,"L",0,0.008,0.992,0.00800000000000001,"L",0.001,0.221,0.778,0.222,"L",0,0.004,0.996,0.004,"L",0.001,0.101,0.897,0.104,"L",0.001,0.067,0.932,0.0700000000000001,"L",0.001,0.048,0.952,0.0489999999999999,"L",0,0.033,0.966,0.034,"L"
"S283","s12-02","c12","linear_full","Linear","Full",63,13,50,0,1390,0,0,1,0,"L",0.018,0.402,0.58,0.439,"L",0.097,0.227,0.675,0.422,"L",0,0.01,0.99,0.01,"L",0,0.022,0.978,0.0229999999999999,"L",0.016,0.661,0.322,0.694,"M",0,0.028,0.972,0.0289999999999999,"L",0.145,0.577,0.278,0.867,"M",0.002,0.071,0.927,0.075,"L",0.037,0.314,0.65,0.387,"L",0,0.022,0.978,0.022,"L"
"S273","s12-03","c12","adaptive_full","Adaptive","Full",63,7,56,0,2368,0,0,1,0,"L",0.018,0.402,0.58,0.439,"L",0.097,0.227,0.675,0.422,"L",0,0.01,0.99,0.01,"L",0,0.007,0.993,0.0069999999999999,"L",0,0.186,0.814,0.187,"L",0,0.011,0.989,0.0109999999999999,"L",0.008,0.228,0.764,0.244,"L",0.001,0.069,0.93,0.071,"L",0.012,0.21,0.778,0.234,"L",0,0.033,0.966,0.034,"L"
"S285","s12-04","c12","adaptive_full","Adaptive","Full",63,5,58,0,1926,0,0,1,0,"L",0.018,0.402,0.58,0.439,"L",0.097,0.227,0.675,0.422,"L",0,0.01,0.99,0.01,"L",0,0.008,0.992,0.00800000000000001,"L",0,0.152,0.848,0.152,"L",0,0.027,0.973,0.0269999999999999,"L",0.001,0.102,0.897,0.104,"L",0.001,0.045,0.954,0.046,"L",0.012,0.211,0.777,0.235,"L",0,0.034,0.966,0.0349999999999999,"L"
"S272","s12-05","c12","adaptive_acc","Adaptive","Accuracy",63,8,22,33,NA,0,0.012,0.988,0.012,"L",0.39,0.548,0.062,1.327,"M",0.099,0.228,0.673,0.426,"L",0.004,0.066,0.93,0.075,"L",0.004,0.038,0.958,0.0449999999999999,"L",0.009,0.395,0.596,0.413,"L",0,0.018,0.982,0.0189999999999999,"L",0.191,0.432,0.377,0.815,"M",0.001,0.045,0.955,0.046,"L",0.008,0.13,0.862,0.146,"L",0.003,0.094,0.904,0.099,"L"
"S274","s12-06","c12","linear_full","Linear","Full",63,10,53,0,1345,0,0,1,0,"L",0.018,0.402,0.58,0.439,"L",0.097,0.227,0.675,0.422,"L",0,0.025,0.975,0.0249999999999999,"L",0,0.007,0.993,0.0069999999999999,"L",0,0.17,0.829,0.171,"L",0.004,0.083,0.913,0.091,"L",0.04,0.423,0.537,0.504,"L",0.01,0.176,0.814,0.196,"L",0.048,0.357,0.595,0.452,"L",0,0.032,0.967,0.0329999999999999,"L"
"S281","s12-07","c12","adaptive_acc","Adaptive","Accuracy",63,9,30,23,NA,0,0.004,0.996,0.004,"L",0.075,0.598,0.327,0.747,"M",0.098,0.228,0.675,0.423,"L",0.003,0.052,0.946,0.0569999999999999,"L",0.001,0.019,0.98,0.022,"L",0.005,0.435,0.56,0.445,"L",0,0.015,0.985,0.016,"L",0.192,0.432,0.376,0.816,"M",0.001,0.066,0.933,0.069,"L",0.021,0.224,0.755,0.266,"L",0.01,0.189,0.801,0.21,"L"
"S276","s12-08","c12","adaptive_full","Adaptive","Full",63,5,24,34,NA,0,0,1,0,"L",0.259,0.57,0.171,1.088,"M",0.097,0.227,0.675,0.422,"L",0.004,0.064,0.933,0.071,"L",0.001,0.017,0.982,0.018,"L",0.018,0.498,0.484,0.534,"M",0,0.012,0.988,0.012,"L",0.187,0.434,0.379,0.807,"M",0.324,0.459,0.218,1.106,"M",0.001,0.056,0.943,0.0580000000000001,"L",0,0.031,0.968,0.032,"L"
"S275","s12-09","c12","adaptive_acc","Adaptive","Accuracy",63,2,36,25,NA,0,0,1,0,"L",0.018,0.402,0.58,0.439,"L",0.097,0.227,0.675,0.422,"L",0,0.032,0.968,0.0329999999999999,"L",0.001,0.017,0.982,0.0189999999999999,"L",0,0.059,0.941,0.0589999999999999,"L",0,0.014,0.986,0.014,"L",0.187,0.434,0.379,0.808,"M",0.001,0.064,0.935,0.0669999999999999,"L",0.002,0.07,0.928,0.0740000000000001,"L",0,0.039,0.96,0.04,"L"
"S280","s12-10","c12","linear_full","Linear","Full",63,9,41,13,2502,0,0.001,0.999,0.00099999999999989,"L",0.073,0.599,0.328,0.744,"M",0.097,0.227,0.675,0.422,"L",0,0.025,0.975,0.026,"L",0,0.003,0.997,0.00299999999999989,"L",0.022,0.517,0.462,0.56,"M",0.002,0.049,0.949,0.0529999999999999,"L",0.008,0.228,0.764,0.244,"L",0.037,0.286,0.677,0.36,"L",0.027,0.227,0.745,0.282,"L",0.04,0.211,0.749,0.292,"L"
"S282","s12-11","c12","adaptive_full","Adaptive","Full",63,7,23,33,NA,0,0.054,0.946,0.054,"L",0.45,0.484,0.066,1.384,"M",0.104,0.232,0.665,0.439,"L",0.006,0.076,0.918,0.089,"L",0.001,0.02,0.979,0.0229999999999999,"L",0.012,0.396,0.592,0.419,"L",0.001,0.025,0.975,0.026,"L",0.195,0.431,0.374,0.821,"M",0.001,0.055,0.943,0.0580000000000001,"L",0.034,0.248,0.717,0.317,"L",0,0.038,0.962,0.038,"L"
"S270","s12-12","c12","adaptive_full","Adaptive","Full",63,12,22,29,NA,0.002,0.164,0.834,0.168,"L",0.17,0.55,0.279,0.891,"M",0.118,0.241,0.641,0.476,"L",0.013,0.102,0.886,0.127,"L",0.004,0.038,0.957,0.0469999999999999,"L",0.801,0.194,0.005,1.797,"H",0.002,0.053,0.946,0.056,"L",0.205,0.427,0.368,0.838,"M",0.049,0.297,0.654,0.395,"L",0.055,0.309,0.636,0.42,"L",0.015,0.169,0.817,0.198,"L"
"S269","s12-13","c12","adaptive_acc","Adaptive","Accuracy",63,16,22,25,NA,0.004,0.329,0.667,0.337,"L",0.42,0.487,0.093,1.327,"M",0.138,0.255,0.607,0.531,"L",0.022,0.14,0.838,0.184,"L",0.002,0.022,0.976,0.026,"L",0.618,0.375,0.007,1.61,"H",0,0.014,0.986,0.0149999999999999,"L",0.198,0.43,0.372,0.826,"M",0.047,0.323,0.631,0.416,"L",0.027,0.191,0.782,0.245,"L",0.001,0.042,0.958,0.0429999999999999,"L"
"S278","s12-14","c12","adaptive_acc","Adaptive","Accuracy",63,9,54,0,1683,0,0,1,0,"L",0.072,0.599,0.328,0.744,"M",0.097,0.227,0.675,0.422,"L",0,0.01,0.99,0.01,"L",0,0.006,0.994,0.00600000000000001,"L",0,0.066,0.934,0.0669999999999999,"L",0.001,0.042,0.957,0.044,"L",0.04,0.423,0.537,0.502,"L",0.001,0.047,0.952,0.0489999999999999,"L",0.03,0.304,0.666,0.364,"L",0.001,0.07,0.929,0.0720000000000001,"L"
"S279","s12-15","c12","adaptive_full","Adaptive","Full",63,3,17,43,2687,0,0.001,0.999,0.00099999999999989,"L",0.567,0.379,0.054,1.513,"H",0.097,0.227,0.675,0.422,"L",0.009,0.089,0.902,0.107,"L",0.003,0.033,0.964,0.0389999999999999,"L",0.054,0.576,0.37,0.684,"M",0,0.02,0.98,0.02,"L",0.189,0.433,0.378,0.811,"M",0.012,0.124,0.863,0.149,"L",0.003,0.08,0.918,0.085,"L",0.024,0.269,0.707,0.317,"L"
"S271","s12-16","c12","linear_full","Linear","Full",63,11,29,23,2578,0,0.023,0.976,0.024,"L",0.086,0.593,0.321,0.764,"M",0.1,0.229,0.671,0.43,"L",0,0.011,0.989,0.0109999999999999,"L",0,0.011,0.988,0.012,"L",0.24,0.661,0.098,1.142,"M",0.001,0.027,0.972,0.028,"L",0.039,0.422,0.539,0.5,"L",0.069,0.243,0.687,0.382,"L",0.012,0.138,0.85,0.163,"L",0.046,0.216,0.738,0.308,"L"
"S277","s12-17","c12","linear_full","Linear","Full",63,13,50,0,2389,0,0,1,0,"L",0.018,0.402,0.58,0.439,"L",0.097,0.227,0.675,0.422,"L",0,0.025,0.975,0.0249999999999999,"L",0,0.026,0.974,0.026,"L",0.001,0.208,0.792,0.209,"L",0,0.014,0.986,0.014,"L",0.348,0.55,0.101,1.247,"M",0.022,0.25,0.728,0.295,"L",0.004,0.107,0.89,0.114,"L",0,0.033,0.967,0.034,"L"
"S298","s13-01","c13","adaptive_full","Adaptive","Full",63,19,21,23,NA,0.078,0.842,0.08,0.997,"M",0.937,0.061,0.002,1.934,"H",0.216,0.304,0.479,0.737,"L",0.541,0.386,0.072,1.469,"H",0.001,0.017,0.983,0.018,"L",0.915,0.083,0.001,1.914,"H",0.052,0.337,0.611,0.441,"L",0.202,0.428,0.369,0.833,"M",0.028,0.258,0.715,0.313,"L",0.023,0.19,0.787,0.237,"L",0.008,0.146,0.846,0.162,"L"
"S308","s13-02","c13","linear_full","Linear","Full",63,10,53,0,1246,0,0,1,0,"L",0.018,0.402,0.579,0.439,"L",0.097,0.227,0.675,0.422,"L",0.045,0.304,0.651,0.394,"L",0,0.003,0.997,0.00299999999999989,"L",0,0.039,0.961,0.0389999999999999,"L",0,0.004,0.996,0.004,"L",0.038,0.422,0.54,0.498,"L",0.001,0.077,0.922,0.0800000000000001,"L",0.001,0.052,0.948,0.0529999999999999,"L",0,0.037,0.962,0.038,"L"
"S299","s13-03","c13","linear_full","Linear","Full",63,18,39,6,NA,0,0.012,0.988,0.012,"L",0.079,0.596,0.325,0.754,"M",0.099,0.228,0.673,0.426,"L",0.009,0.154,0.837,0.173,"L",0.002,0.056,0.942,0.0600000000000001,"L",0.062,0.756,0.182,0.88,"M",0,0.005,0.995,0.00499999999999989,"L",0.039,0.422,0.538,0.501,"L",0,0.038,0.962,0.0389999999999999,"L",0.002,0.089,0.909,0.093,"L",0.01,0.126,0.864,0.146,"L"
"S302","s13-04","c13","linear_full","Linear","Full",63,28,35,0,1600,0.039,0.74,0.221,0.817,"M",0.71,0.256,0.035,1.675,"H",0.196,0.292,0.513,0.683,"L",0.005,0.126,0.869,0.136,"L",0,0.003,0.997,0.00299999999999989,"L",0.843,0.156,0.001,1.841,"H",0.012,0.174,0.814,0.198,"L",0.351,0.548,0.101,1.25,"M",0.905,0.092,0.002,1.903,"H",0.002,0.059,0.939,0.0629999999999999,"L",0.027,0.289,0.684,0.343,"L"
"S307","s13-05","c13","adaptive_full","Adaptive","Full",63,12,49,0,1553,0,0,1,0,"L",0.072,0.599,0.328,0.744,"M",0.097,0.227,0.675,0.422,"L",0,0.01,0.99,0.01,"L",0,0.009,0.991,0.01,"L",0.031,0.746,0.223,0.807,"M",0.003,0.072,0.925,0.0780000000000001,"L",0.008,0.227,0.765,0.243,"L",0.001,0.067,0.932,0.0700000000000001,"L",0.002,0.086,0.913,0.089,"L",0.002,0.082,0.916,0.085,"L"
"S291","s13-06","c13","adaptive_acc","Adaptive","Accuracy",63,7,56,0,815,0,0,1,0,"L",0.018,0.402,0.58,0.439,"L",0.097,0.227,0.675,0.422,"L",0,0.01,0.99,0.01,"L",0,0.001,0.999,0.00099999999999989,"L",0,0.152,0.848,0.152,"L",0,0.027,0.973,0.0269999999999999,"L",0.039,0.422,0.539,0.5,"L",0.001,0.045,0.954,0.046,"L",0.013,0.212,0.775,0.238,"L",0,0.034,0.966,0.0349999999999999,"L"
"S297","s13-07","c13","adaptive_acc","Adaptive","Accuracy",63,17,46,0,1413,0,0.004,0.996,0.004,"L",0.02,0.402,0.578,0.442,"L",0.098,0.227,0.675,0.423,"L",0,0.01,0.99,0.01,"L",0.003,0.08,0.916,0.087,"L",0.066,0.776,0.159,0.907,"M",0.024,0.185,0.792,0.232,"L",0.011,0.234,0.755,0.255,"L",0.033,0.282,0.685,0.348,"L",0.145,0.488,0.367,0.777,"M",0,0.033,0.966,0.034,"L"
"S296","s13-08","c13","linear_full","Linear","Full",63,24,39,0,1324,0,0.102,0.898,0.103,"L",0.71,0.282,0.008,1.702,"H",0.11,0.236,0.655,0.455,"L",0.069,0.329,0.602,0.467,"L",0.001,0.044,0.955,0.0449999999999999,"L",0.324,0.648,0.028,1.297,"M",0,0.028,0.972,0.0289999999999999,"L",0.001,0.102,0.897,0.104,"L",0.046,0.328,0.626,0.42,"L",0.003,0.103,0.894,0.109,"L",0,0.034,0.966,0.034,"L"
"S292","s13-09","c13","adaptive_full","Adaptive","Full",63,12,51,0,1235,0,0,1,0,"L",0.018,0.402,0.58,0.439,"L",0.097,0.227,0.675,0.422,"L",0,0.01,0.99,0.01,"L",0,0.017,0.983,0.0169999999999999,"L",0.032,0.74,0.228,0.804,"M",0,0.023,0.977,0.0229999999999999,"L",0.008,0.228,0.764,0.244,"L",0.008,0.153,0.839,0.169,"L",0.008,0.18,0.812,0.196,"L",0.002,0.081,0.917,0.085,"L"
"S304","s13-10","c13","adaptive_full","Adaptive","Full",63,12,18,33,NA,0.041,0.77,0.189,0.852,"M",0.89,0.099,0.011,1.879,"H",0.2,0.295,0.506,0.694,"L",0.017,0.18,0.803,0.214,"L",0.003,0.032,0.965,0.038,"L",0.856,0.138,0.006,1.85,"H",0.017,0.204,0.779,0.238,"L",0.199,0.429,0.372,0.827,"M",0.325,0.47,0.205,1.12,"M",0.01,0.131,0.86,0.15,"L",0.06,0.332,0.608,0.451,"L"
"S301","s13-11","c13","adaptive_full","Adaptive","Full",63,14,47,0,1880,0,0.005,0.995,0.00499999999999989,"L",0.02,0.402,0.578,0.442,"L",0.098,0.228,0.675,0.423,"L",0,0.01,0.99,0.01,"L",0.001,0.047,0.951,0.05,"L",0.045,0.746,0.209,0.836,"M",0,0.02,0.98,0.02,"L",0.001,0.102,0.897,0.105,"L",0.04,0.301,0.659,0.382,"L",0.008,0.174,0.819,0.189,"L",0.01,0.188,0.802,0.208,"L"
"S305","s13-12","c13","linear_full","Linear","Full",63,37,19,7,NA,0.962,0.038,0,1.962,"H",1,0,0,2,"H",0.305,0.335,0.36,0.945,"L",0.835,0.159,0.006,1.829,"H",0,0.007,0.993,0.0069999999999999,"L",1,0,0,2,"H",0.121,0.483,0.397,0.724,"M",0.656,0.322,0.022,1.635,"H",0.409,0.46,0.131,1.278,"M",0.081,0.308,0.611,0.469,"L",0.827,0.153,0.02,1.807,"H"
"S294","s13-13","c13","adaptive_acc","Adaptive","Accuracy",63,14,49,0,1307,0,0.012,0.988,0.012,"L",0.023,0.403,0.574,0.448,"L",0.099,0.228,0.673,0.426,"L",0,0.01,0.99,0.01,"L",0,0.007,0.993,0.0069999999999999,"L",0.065,0.804,0.131,0.934,"M",0,0.01,0.99,0.01,"L",0.008,0.228,0.764,0.244,"L",0.002,0.085,0.913,0.089,"L",0.015,0.228,0.758,0.257,"L",0,0.038,0.962,0.038,"L"
"S295","s13-14","c13","adaptive_full","Adaptive","Full",63,16,46,0,1572,0,0.007,0.993,0.0069999999999999,"L",0.021,0.403,0.576,0.444,"L",0.098,0.228,0.674,0.424,"L",0,0.01,0.99,0.01,"L",0,0.007,0.993,0.0069999999999999,"L",0.081,0.775,0.144,0.937,"M",0,0.017,0.983,0.018,"L",0.143,0.578,0.279,0.863,"M",0.127,0.447,0.426,0.702,"M",0.029,0.289,0.683,0.346,"L",0,0.018,0.982,0.018,"L"
"S303","s13-15","c13","adaptive_acc","Adaptive","Accuracy",63,14,31,16,NA,0,0.015,0.985,0.0149999999999999,"L",0.024,0.403,0.573,0.451,"L",0.099,0.228,0.672,0.427,"L",0.001,0.034,0.966,0.0349999999999999,"L",0.001,0.017,0.982,0.0189999999999999,"L",0.166,0.761,0.072,1.094,"M",0.003,0.068,0.929,0.0740000000000001,"L",0.187,0.434,0.379,0.808,"M",0.202,0.486,0.312,0.89,"M",0.002,0.082,0.916,0.087,"L",0.001,0.047,0.953,0.048,"L"
"S306","s13-16","c13","adaptive_acc","Adaptive","Accuracy",63,15,29,19,NA,0,0.13,0.87,0.131,"L",0.5,0.464,0.036,1.464,"H",0.113,0.238,0.649,0.464,"L",0.002,0.05,0.948,0.0529999999999999,"L",0.001,0.017,0.982,0.0189999999999999,"L",0.152,0.76,0.087,1.065,"M",0,0.019,0.98,0.02,"L",0.188,0.434,0.379,0.809,"M",0.016,0.21,0.774,0.241,"L",0.001,0.05,0.949,0.052,"L",0,0.024,0.976,0.024,"L"
"S300","s13-17","c13","adaptive_acc","Adaptive","Accuracy",63,11,52,0,1674,0,0,1,0,"L",0.018,0.402,0.579,0.439,"L",0.097,0.227,0.675,0.422,"L",0,0.01,0.99,0.01,"L",0,0.008,0.992,0.00800000000000001,"L",0.029,0.68,0.291,0.738,"M",0,0.011,0.989,0.0109999999999999,"L",0.001,0.101,0.897,0.104,"L",0.171,0.463,0.366,0.805,"M",0.004,0.123,0.873,0.131,"L",0,0.043,0.956,0.044,"L"
"S293","s13-18","c13","linear_full","Linear","Full",63,9,54,0,1399,0,0.001,0.999,0.00099999999999989,"L",0.019,0.402,0.579,0.44,"L",0.097,0.227,0.675,0.422,"L",0,0.01,0.99,0.01,"L",0,0.003,0.997,0.00299999999999989,"L",0.009,0.58,0.411,0.599,"M",0,0.02,0.98,0.02,"L",0.001,0.102,0.897,0.104,"L",0,0.031,0.969,0.0309999999999999,"L",0.008,0.179,0.813,0.195,"L",0,0.025,0.975,0.0249999999999999,"L"
"S316","s14-01","c14","adaptive_full","Adaptive","Full",63,11,9,43,NA,0.147,0.751,0.102,1.045,"M",0.928,0.066,0.006,1.922,"H",0.22,0.304,0.476,0.744,"L",0.169,0.319,0.512,0.656,"L",0.005,0.032,0.963,0.042,"L",0.972,0.027,0,1.972,"H",0.257,0.416,0.326,0.931,"M",0.223,0.42,0.357,0.866,"M",0.479,0.407,0.115,1.364,"H",0.081,0.248,0.671,0.41,"L",0.104,0.386,0.509,0.595,"L"
"S319","s14-02","c14","adaptive_full","Adaptive","Full",63,18,45,0,2070,0,0.001,0.999,0.00099999999999989,"L",0.019,0.402,0.579,0.439,"L",0.097,0.227,0.675,0.422,"L",0,0.025,0.975,0.0249999999999999,"L",0.012,0.118,0.87,0.141,"L",0.007,0.5,0.493,0.514,"M",0.002,0.064,0.934,0.069,"L",0.371,0.532,0.097,1.274,"M",0.006,0.135,0.858,0.148,"L",0.034,0.266,0.7,0.334,"L",0.004,0.129,0.867,0.137,"L"
"S317","s14-03","c14","linear_full","Linear","Full",63,18,45,0,1385,0,0.014,0.986,0.014,"L",0.442,0.517,0.041,1.401,"M",0.099,0.228,0.673,0.426,"L",0,0.01,0.99,0.01,"L",0,0.017,0.983,0.018,"L",0.102,0.779,0.119,0.983,"M",0,0.006,0.994,0.00600000000000001,"L",0.008,0.227,0.765,0.243,"L",0.121,0.444,0.435,0.687,"M",0.001,0.052,0.948,0.0529999999999999,"L",0.002,0.095,0.903,0.099,"L"
"S318","s14-04","c14","adaptive_acc","Adaptive","Accuracy",63,16,47,0,1411,0,0.002,0.998,0.002,"L",0.209,0.655,0.136,1.072,"M",0.098,0.227,0.675,0.423,"L",0.001,0.064,0.935,0.0660000000000001,"L",0.003,0.084,0.913,0.091,"L",0.004,0.438,0.558,0.447,"L",0,0.03,0.97,0.0309999999999999,"L",0.001,0.102,0.897,0.105,"L",0.003,0.091,0.906,0.0960000000000001,"L",0.006,0.153,0.841,0.166,"L",0.01,0.196,0.794,0.217,"L"
"S320","s14-05","c14","linear_full","Linear","Full",63,21,32,10,NA,0.01,0.237,0.753,0.257,"L",0.221,0.524,0.255,0.966,"M",0.128,0.248,0.624,0.504,"L",0.008,0.124,0.868,0.14,"L",0,0.004,0.996,0.004,"L",0.347,0.594,0.059,1.288,"M",0.115,0.316,0.569,0.545,"L",0.349,0.55,0.101,1.248,"M",0.199,0.475,0.327,0.872,"M",0.005,0.093,0.903,0.102,"L",0.108,0.258,0.634,0.473,"L"
"S315","s14-06","c14","adaptive_acc","Adaptive","Accuracy",63,18,45,0,2328,0,0.005,0.995,0.00499999999999989,"L",0.075,0.598,0.327,0.748,"M",0.098,0.228,0.674,0.424,"L",0,0.026,0.974,0.026,"L",0,0.008,0.992,0.00800000000000001,"L",0.299,0.68,0.021,1.278,"M",0.002,0.056,0.943,0.0589999999999999,"L",0.039,0.422,0.539,0.499,"L",0.003,0.103,0.893,0.11,"L",0.004,0.13,0.865,0.139,"L",0,0.038,0.962,0.038,"L"
"S334","s15-01","c15","linear_full","Linear","Full",63,26,37,0,2673,0,0.048,0.952,0.048,"L",0.694,0.297,0.009,1.685,"H",0.103,0.231,0.666,0.437,"L",0.013,0.166,0.822,0.191,"L",0.001,0.039,0.96,0.0409999999999999,"L",0.409,0.573,0.018,1.391,"M",0.011,0.128,0.861,0.15,"L",0.04,0.423,0.538,0.502,"L",0.141,0.448,0.411,0.729,"M",0.01,0.179,0.811,0.199,"L",0,0.027,0.973,0.0269999999999999,"L"
"S324","s15-02","c15","adaptive_full","Adaptive","Full",63,17,46,0,1866,0,0.001,0.999,0.00099999999999989,"L",0.436,0.523,0.041,1.394,"M",0.098,0.227,0.675,0.422,"L",0,0.01,0.99,0.01,"L",0,0.015,0.985,0.0149999999999999,"L",0.254,0.714,0.032,1.221,"M",0.003,0.079,0.917,0.0860000000000001,"L",0.008,0.228,0.764,0.244,"L",0.02,0.238,0.741,0.279,"L",0.01,0.194,0.796,0.214,"L",0,0.029,0.971,0.0289999999999999,"L"
"S325","s15-03","c15","linear_full","Linear","Full",63,42,21,0,2020,0.992,0.008,0,1.992,"H",1,0,0,2,"H",0.308,0.336,0.356,0.951,"L",0.844,0.151,0.005,1.839,"H",0,0.013,0.987,0.0129999999999999,"L",1,0,0,2,"H",0.485,0.441,0.074,1.411,"H",0.003,0.119,0.878,0.126,"L",0.897,0.1,0.003,1.894,"H",0.544,0.372,0.084,1.461,"H",0.27,0.524,0.206,1.064,"M"
"S328","s15-04","c15","linear_full","Linear","Full",63,34,29,0,1998,0.145,0.819,0.036,1.11,"M",0.987,0.013,0,1.987,"H",0.228,0.31,0.462,0.765,"L",0.328,0.499,0.172,1.156,"M",0,0.024,0.976,0.0249999999999999,"L",0.925,0.075,0,1.924,"H",0.002,0.076,0.923,0.079,"L",0.654,0.324,0.022,1.632,"H",0.707,0.271,0.022,1.685,"H",0.134,0.351,0.515,0.618,"L",0,0.036,0.963,0.0369999999999999,"L"
"S327","s15-05","c15","adaptive_full","Adaptive","Full",63,11,45,7,NA,0,0,1,0,"L",0.072,0.6,0.328,0.744,"M",0.097,0.227,0.675,0.422,"L",0,0.01,0.99,0.01,"L",0.006,0.056,0.938,0.0669999999999999,"L",0.031,0.735,0.234,0.797,"M",0.001,0.036,0.963,0.0369999999999999,"L",0.03,0.346,0.624,0.407,"L",0.008,0.152,0.839,0.169,"L",0.063,0.391,0.547,0.516,"L",0,0.04,0.96,0.04,"L"
"S323","s15-06","c15","adaptive_acc","Adaptive","Accuracy",63,40,22,1,2236,0.966,0.034,0,1.966,"H",0.999,0.001,0,1.999,"H",0.305,0.335,0.36,0.946,"L",0.836,0.158,0.006,1.83,"H",0.005,0.11,0.885,0.12,"L",0.998,0.002,0,1.998,"H",0.675,0.298,0.028,1.647,"H",0.738,0.246,0.015,1.723,"H",0.612,0.341,0.047,1.565,"H",0.398,0.405,0.196,1.202,"M",0.373,0.491,0.135,1.238,"M"
"S336","s15-07","c15","adaptive_full","Adaptive","Full",63,8,55,0,837,0,0,1,0,"L",0.018,0.402,0.579,0.439,"L",0.097,0.227,0.675,0.422,"L",0,0.01,0.99,0.01,"L",0,0.008,0.992,0.00800000000000001,"L",0,0.112,0.887,0.113,"L",0,0.007,0.993,0.0069999999999999,"L",0.008,0.227,0.765,0.243,"L",0,0.027,0.972,0.028,"L",0.003,0.108,0.889,0.114,"L",0,0.036,0.964,0.036,"L"
"S333","s15-08","c15","adaptive_full","Adaptive","Full",63,37,22,4,NA,0.463,0.534,0.003,1.459,"M",0.998,0.002,0,1.998,"H",0.26,0.321,0.419,0.841,"L",0.005,0.128,0.867,0.137,"L",0.001,0.044,0.955,0.046,"L",0.996,0.004,0,1.996,"H",0.349,0.47,0.181,1.168,"M",0.663,0.316,0.021,1.642,"H",0.843,0.15,0.007,1.836,"H",0.125,0.341,0.534,0.592,"L",0.417,0.458,0.125,1.292,"M"
"S332","s15-09","c15","adaptive_acc","Adaptive","Accuracy",63,28,35,0,1994,0.041,0.602,0.357,0.684,"M",0.282,0.431,0.287,0.994,"M",0.179,0.281,0.54,0.639,"L",0.001,0.048,0.951,0.05,"L",0.001,0.037,0.962,0.038,"L",0.978,0.022,0,1.978,"H",0.048,0.29,0.661,0.387,"L",0.044,0.424,0.532,0.512,"L",0.099,0.435,0.466,0.633,"L",0.029,0.231,0.74,0.289,"L",0.393,0.459,0.148,1.245,"M"
"S331","s15-10","c15","linear_full","Linear","Full",63,13,50,0,1589,0,0.001,0.999,0.00099999999999989,"L",0.208,0.656,0.136,1.071,"M",0.097,0.227,0.675,0.422,"L",0,0.01,0.99,0.01,"L",0,0.016,0.983,0.0169999999999999,"L",0.019,0.664,0.317,0.703,"M",0.001,0.035,0.965,0.036,"L",0.001,0.101,0.897,0.104,"L",0.001,0.045,0.954,0.0469999999999999,"L",0.002,0.087,0.911,0.0900000000000001,"L",0.061,0.391,0.548,0.513,"L"
"S329","s15-11","c15","adaptive_acc","Adaptive","Accuracy",63,20,43,0,1923,0,0.007,0.993,0.0069999999999999,"L",0.438,0.521,0.041,1.397,"M",0.098,0.228,0.674,0.424,"L",0.009,0.152,0.839,0.17,"L",0,0.014,0.985,0.0149999999999999,"L",0.012,0.56,0.428,0.584,"M",0.009,0.119,0.872,0.137,"L",0.15,0.575,0.276,0.874,"M",0.029,0.262,0.708,0.321,"L",0.088,0.42,0.493,0.595,"L",0.007,0.169,0.823,0.184,"L"
"S326","s15-12","c15","adaptive_acc","Adaptive","Accuracy",63,11,13,39,NA,0.042,0.692,0.266,0.776,"M",0.878,0.113,0.009,1.868,"H",0.19,0.288,0.521,0.669,"L",0.055,0.236,0.71,0.345,"L",0.015,0.061,0.924,0.091,"L",0.923,0.075,0.002,1.921,"H",0.035,0.255,0.71,0.325,"L",0.25,0.409,0.341,0.909,"M",0.122,0.331,0.547,0.574,"L",0.173,0.343,0.484,0.69,"L",0.136,0.438,0.426,0.71,"M"
"S338","s15-13","c15","adaptive_acc","Adaptive","Accuracy",63,19,39,0,1859,0,0.022,0.978,0.022,"L",0.026,0.404,0.57,0.457,"L",0.1,0.229,0.671,0.429,"L",0.002,0.068,0.93,0.0720000000000001,"L",0,0.009,0.99,0.01,"L",0.414,0.573,0.013,1.4,"M",0.003,0.077,0.919,0.0840000000000001,"L",0.142,0.578,0.28,0.862,"M",0.016,0.209,0.775,0.24,"L",0.019,0.24,0.74,0.279,"L",0,0.013,0.987,0.0129999999999999,"L"
"S335","s15-14","c15","adaptive_acc","Adaptive","Accuracy",63,34,28,1,NA,0.375,0.619,0.006,1.369,"M",0.988,0.012,0,1.988,"H",0.252,0.319,0.43,0.822,"L",0.02,0.236,0.745,0.275,"L",0.041,0.25,0.709,0.333,"L",0.965,0.035,0,1.964,"H",0.208,0.478,0.314,0.894,"M",0.567,0.374,0.059,1.508,"H",0.269,0.497,0.234,1.035,"M",0.529,0.339,0.132,1.397,"H",0.004,0.125,0.871,0.134,"L"
"S337","s15-15","c15","linear_full","Linear","Full",63,11,52,0,1234,0,0,1,0,"L",0.018,0.402,0.579,0.439,"L",0.097,0.227,0.675,0.422,"L",0,0.025,0.975,0.0249999999999999,"L",0,0.003,0.997,0.00299999999999989,"L",0.004,0.438,0.558,0.446,"L",0.001,0.049,0.95,0.052,"L",0.039,0.422,0.539,0.5,"L",0.001,0.059,0.94,0.0609999999999999,"L",0.01,0.189,0.802,0.208,"L",0,0.028,0.972,0.028,"L"
"S330","s15-16","c15","adaptive_full","Adaptive","Full",63,29,34,0,2331,0.005,0.241,0.754,0.25,"L",0.112,0.418,0.47,0.643,"L",0.128,0.247,0.625,0.503,"L",0.007,0.122,0.871,0.137,"L",0.001,0.043,0.956,0.0449999999999999,"L",0.87,0.13,0,1.869,"H",0.006,0.097,0.897,0.109,"L",0.145,0.577,0.278,0.867,"M",0.51,0.408,0.082,1.427,"H",0.012,0.16,0.828,0.183,"L",0.039,0.304,0.657,0.383,"L"
"S091","s02-01","c02","linear_full","Linear","Full",63,21,42,0,2449,0,0.001,0.999,0.00099999999999989,"L",0.019,0.402,0.579,0.44,"L",0.097,0.227,0.675,0.422,"L",0,0.01,0.99,0.01,"L",0.015,0.13,0.855,0.16,"L",0.434,0.551,0.015,1.419,"M",0.006,0.099,0.895,0.111,"L",0.179,0.559,0.262,0.918,"M",0.208,0.473,0.32,0.888,"M",0.139,0.449,0.411,0.728,"M",0,0.021,0.979,0.0209999999999999,"L"
"S075","s02-02","c02","adaptive_full","Adaptive","Full",63,35,27,1,NA,0.559,0.436,0.005,1.554,"H",0.978,0.022,0,1.978,"H",0.268,0.324,0.408,0.86,"L",0.495,0.411,0.094,1.401,"H",0.102,0.309,0.589,0.513,"L",0.949,0.05,0.001,1.949,"H",0.5,0.408,0.092,1.409,"H",0.162,0.426,0.411,0.751,"M",0.097,0.418,0.485,0.612,"L",0.297,0.412,0.291,1.006,"M",0.279,0.5,0.221,1.058,"M"
"S074","s02-03","c02","adaptive_acc","Adaptive","Accuracy",63,20,43,0,1886,0,0.009,0.991,0.0089999999999999,"L",0.022,0.403,0.576,0.446,"L",0.098,0.228,0.674,0.425,"L",0,0.01,0.99,0.01,"L",0,0.016,0.984,0.0169999999999999,"L",0.706,0.292,0.002,1.704,"H",0.003,0.072,0.924,0.079,"L",0.009,0.23,0.761,0.248,"L",0.356,0.474,0.17,1.186,"M",0.088,0.437,0.475,0.613,"L",0,0.017,0.983,0.0169999999999999,"L"
"S088","s02-04","c02","linear_full","Linear","Full",63,20,43,0,2097,0,0.016,0.984,0.016,"L",0.443,0.516,0.041,1.402,"M",0.099,0.228,0.672,0.427,"L",0,0.01,0.99,0.0109999999999999,"L",0,0.003,0.997,0.00299999999999989,"L",0.339,0.637,0.024,1.314,"M",0.002,0.055,0.943,0.0589999999999999,"L",0.141,0.579,0.28,0.861,"M",0.247,0.482,0.271,0.975,"M",0.02,0.246,0.734,0.286,"L",0,0.013,0.987,0.0129999999999999,"L"
"S082","s02-05","c02","linear_full","Linear","Full",63,18,45,0,705,0,0.02,0.98,0.02,"L",0.686,0.305,0.009,1.677,"H",0.1,0.229,0.671,0.428,"L",0,0.011,0.989,0.0109999999999999,"L",0,0.017,0.983,0.0169999999999999,"L",0.066,0.756,0.177,0.889,"M",0.002,0.055,0.943,0.0589999999999999,"L",0.001,0.102,0.897,0.104,"L",0.151,0.461,0.388,0.763,"M",0.003,0.114,0.882,0.121,"L",0,0.04,0.96,0.04,"L"
"S083","s02-06","c02","adaptive_acc","Adaptive","Accuracy",63,13,50,0,1132,0,0.001,0.999,0.00099999999999989,"L",0.019,0.402,0.579,0.44,"L",0.097,0.227,0.675,0.422,"L",0,0.01,0.99,0.01,"L",0.001,0.039,0.96,0.0409999999999999,"L",0.001,0.192,0.807,0.193,"L",0.008,0.114,0.878,0.129,"L",0.039,0.422,0.538,0.501,"L",0.004,0.117,0.879,0.125,"L",0.006,0.151,0.843,0.163,"L",0.001,0.066,0.933,0.0680000000000001,"L"
"S086","s02-07","c02","adaptive_acc","Adaptive","Accuracy",63,36,27,0,1856,0.752,0.248,0,1.752,"H",0.994,0.006,0,1.994,"H",0.286,0.329,0.385,0.902,"L",0.896,0.101,0.003,1.893,"H",0,0.023,0.977,0.024,"L",0.997,0.003,0,1.997,"H",0.289,0.502,0.209,1.08,"M",0.019,0.254,0.727,0.292,"L",0.241,0.494,0.265,0.976,"M",0.498,0.385,0.117,1.381,"H",0.001,0.055,0.944,0.056,"L"
"S087","s02-08","c02","adaptive_full","Adaptive","Full",63,22,41,0,1121,0,0.164,0.836,0.165,"L",0.728,0.264,0.008,1.72,"H",0.117,0.241,0.642,0.475,"L",0,0.018,0.982,0.018,"L",0,0.021,0.979,0.0209999999999999,"L",0.425,0.562,0.013,1.411,"M",0.004,0.083,0.913,0.091,"L",0.042,0.424,0.534,0.509,"L",0.001,0.064,0.935,0.0660000000000001,"L",0.055,0.345,0.6,0.455,"L",0,0.033,0.967,0.0329999999999999,"L"
"S080","s02-09","c02","adaptive_acc","Adaptive","Accuracy",63,9,54,0,842,0,0,1,0,"L",0.018,0.402,0.58,0.439,"L",0.097,0.227,0.675,0.422,"L",0,0.01,0.99,0.01,"L",0,0.001,0.999,0.00099999999999989,"L",0.024,0.709,0.267,0.757,"M",0.001,0.049,0.949,0.052,"L",0.038,0.422,0.54,0.498,"L",0.011,0.17,0.819,0.192,"L",0.002,0.08,0.919,0.083,"L",0,0.022,0.978,0.022,"L"
"S078","s02-10","c02","adaptive_full","Adaptive","Full",63,20,43,0,1655,0,0.06,0.94,0.0600000000000001,"L",0.246,0.626,0.129,1.117,"M",0.105,0.232,0.663,0.441,"L",0,0.013,0.987,0.0129999999999999,"L",0,0.003,0.997,0.00299999999999989,"L",0.487,0.505,0.008,1.479,"M",0.001,0.035,0.964,0.0369999999999999,"L",0.138,0.58,0.282,0.856,"M",0.002,0.091,0.907,0.0960000000000001,"L",0.001,0.059,0.94,0.0609999999999999,"L",0.002,0.094,0.904,0.099,"L"
"S085","s02-12","c02","linear_full","Linear","Full",63,25,38,0,2268,0.001,0.259,0.739,0.262,"L",0.566,0.403,0.031,1.535,"H",0.129,0.248,0.622,0.507,"L",0,0.023,0.977,0.0229999999999999,"L",0.002,0.072,0.925,0.077,"L",0.742,0.255,0.003,1.739,"H",0.021,0.177,0.802,0.219,"L",0.002,0.103,0.895,0.106,"L",0.28,0.487,0.233,1.047,"M",0.021,0.231,0.748,0.274,"L",0.029,0.278,0.693,0.336,"L"
"S084","s02-13","c02","adaptive_full","Adaptive","Full",63,26,37,0,2167,0,0.013,0.987,0.0129999999999999,"L",0.442,0.517,0.041,1.401,"M",0.099,0.228,0.673,0.426,"L",0,0.01,0.99,0.01,"L",0.006,0.105,0.889,0.117,"L",0.932,0.068,0,1.932,"H",0.005,0.094,0.901,0.104,"L",0.042,0.423,0.535,0.506,"L",0.009,0.174,0.817,0.192,"L",0.009,0.174,0.817,0.192,"L",0.027,0.29,0.683,0.344,"L"
"S076","s02-14","c02","linear_full","Linear","Full",63,33,30,0,2506,0.175,0.765,0.06,1.115,"M",0.833,0.154,0.013,1.82,"H",0.227,0.309,0.464,0.763,"L",0.578,0.361,0.061,1.517,"H",0,0.022,0.977,0.0229999999999999,"L",0.955,0.045,0,1.955,"H",0.305,0.467,0.228,1.076,"M",0.68,0.3,0.02,1.66,"H",0.213,0.5,0.287,0.926,"M",0.283,0.398,0.318,0.965,"M",0.006,0.14,0.854,0.151,"L"
"S081","s02-15","c02","adaptive_full","Adaptive","Full",63,21,42,0,2335,0,0.047,0.953,0.0469999999999999,"L",0.036,0.406,0.559,0.477,"L",0.103,0.231,0.666,0.437,"L",0,0.012,0.988,0.012,"L",0,0.02,0.98,0.02,"L",0.79,0.209,0.001,1.789,"H",0.01,0.125,0.864,0.146,"L",0.042,0.423,0.535,0.507,"L",0.002,0.084,0.914,0.0880000000000001,"L",0.054,0.359,0.587,0.467,"L",0,0.034,0.965,0.0349999999999999,"L"
"S077","s02-16","c02","adaptive_acc","Adaptive","Accuracy",63,21,42,0,1785,0.003,0.425,0.572,0.431,"L",0.65,0.326,0.024,1.626,"H",0.15,0.262,0.588,0.562,"L",0.011,0.165,0.824,0.187,"L",0,0.003,0.997,0.00299999999999989,"L",0.673,0.323,0.004,1.669,"H",0.006,0.116,0.877,0.129,"L",0.001,0.102,0.897,0.105,"L",0.003,0.104,0.893,0.11,"L",0.008,0.144,0.848,0.16,"L",0.001,0.057,0.943,0.0580000000000001,"L"
"S089","s02-17","c02","adaptive_acc","Adaptive","Accuracy",63,14,35,14,NA,0,0.012,0.987,0.0129999999999999,"L",0.023,0.403,0.574,0.449,"L",0.099,0.228,0.673,0.426,"L",0.001,0.033,0.966,0.0349999999999999,"L",0.001,0.023,0.976,0.0249999999999999,"L",0.224,0.735,0.04,1.184,"M",0.002,0.056,0.942,0.0600000000000001,"L",0.194,0.431,0.375,0.819,"M",0.018,0.228,0.753,0.265,"L",0.029,0.28,0.692,0.337,"L",0.001,0.057,0.942,0.0589999999999999,"L"
"S090","s02-18","c02","adaptive_full","Adaptive","Full",63,13,50,0,934,0,0,1,0,"L",0.018,0.402,0.579,0.439,"L",0.097,0.227,0.675,0.422,"L",0,0.01,0.99,0.01,"L",0,0.008,0.992,0.00800000000000001,"L",0.018,0.604,0.378,0.64,"M",0.002,0.062,0.936,0.0669999999999999,"L",0.039,0.422,0.539,0.5,"L",0.206,0.471,0.322,0.884,"M",0.008,0.17,0.822,0.186,"L",0,0.023,0.977,0.0229999999999999,"L"
"S079","s02-19","c02","linear_full","Linear","Full",63,27,36,0,2082,0.031,0.59,0.379,0.652,"M",0.267,0.434,0.299,0.969,"M",0.176,0.279,0.546,0.63,"L",0.652,0.292,0.056,1.596,"H",0,0.009,0.99,0.01,"L",0.782,0.216,0.002,1.78,"H",0.064,0.321,0.615,0.449,"L",0.151,0.574,0.275,0.876,"M",0.007,0.154,0.839,0.168,"L",0.042,0.263,0.695,0.346,"L",0.001,0.065,0.934,0.0669999999999999,"L"
"S113","s03-01","c03","adaptive_full","Adaptive","Full",63,44,18,1,2613,0.868,0.132,0,1.868,"H",0.997,0.003,0,1.997,"H",0.297,0.332,0.371,0.926,"L",0.915,0.083,0.002,1.913,"H",0.007,0.151,0.841,0.166,"L",1,0,0,2,"H",0.234,0.524,0.242,0.992,"M",0.792,0.196,0.011,1.781,"H",0.932,0.067,0.001,1.931,"H",0.762,0.207,0.031,1.731,"H",0.679,0.29,0.031,1.649,"H"
"S101","s03-02","c03","adaptive_full","Adaptive","Full",63,14,49,0,1008,0,0.001,0.999,0.00099999999999989,"L",0.019,0.402,0.579,0.44,"L",0.097,0.227,0.675,0.422,"L",0,0.01,0.99,0.01,"L",0,0.007,0.993,0.0069999999999999,"L",0.189,0.768,0.044,1.145,"M",0,0.026,0.973,0.0269999999999999,"L",0.008,0.228,0.765,0.243,"L",0.01,0.173,0.817,0.192,"L",0.005,0.14,0.856,0.149,"L",0,0.015,0.985,0.0149999999999999,"L"
"S099","s03-03","c03","linear_full","Linear","Full",63,20,43,0,824,0.001,0.276,0.723,0.278,"L",0.574,0.396,0.03,1.544,"H",0.131,0.25,0.619,0.512,"L",0,0.024,0.976,0.024,"L",0.009,0.133,0.858,0.151,"L",0.11,0.697,0.193,0.917,"M",0,0.011,0.989,0.0109999999999999,"L",0.001,0.102,0.896,0.105,"L",0.06,0.344,0.596,0.464,"L",0.001,0.044,0.955,0.0449999999999999,"L",0,0.034,0.966,0.034,"L"
"S111","s03-04","c03","linear_full","Linear","Full",63,22,41,0,52,0,0.002,0.998,0.002,"L",0.436,0.523,0.041,1.395,"M",0.098,0.227,0.675,0.422,"L",0,0.01,0.99,0.01,"L",0.011,0.121,0.868,0.143,"L",0.36,0.625,0.014,1.346,"M",0.007,0.111,0.882,0.125,"L",0.36,0.541,0.099,1.261,"M",0.001,0.062,0.937,0.0640000000000001,"L",0.007,0.13,0.863,0.143,"L",0,0.013,0.987,0.0129999999999999,"L"
"S114","s03-05","c03","linear_full","Linear","Full",63,32,31,0,2316,0.291,0.698,0.011,1.28,"M",0.949,0.05,0.001,1.948,"H",0.244,0.316,0.44,0.803,"L",0.003,0.102,0.895,0.109,"L",0,0.013,0.987,0.0129999999999999,"L",0.973,0.027,0,1.973,"H",0.265,0.479,0.256,1.01,"M",0.636,0.341,0.023,1.612,"H",0.842,0.152,0.006,1.835,"H",0.049,0.243,0.709,0.34,"L",0.002,0.076,0.923,0.079,"L"
"S102","s03-06","c03","linear_full","Linear","Full",63,33,30,0,1667,0.082,0.875,0.043,1.04,"M",0.994,0.006,0,1.994,"H",0.221,0.308,0.471,0.75,"L",0.117,0.472,0.411,0.707,"M",0,0.004,0.996,0.004,"L",0.953,0.047,0,1.953,"H",0.019,0.225,0.755,0.264,"L",0.143,0.578,0.279,0.865,"M",0.915,0.084,0.002,1.913,"H",0.004,0.091,0.905,0.099,"L",0,0.033,0.967,0.034,"L"
"S098","s03-07","c03","adaptive_full","Adaptive","Full",63,18,45,0,1966,0,0.001,0.999,0.00099999999999989,"L",0.208,0.655,0.136,1.072,"M",0.098,0.227,0.675,0.422,"L",0,0.01,0.99,0.01,"L",0.001,0.046,0.953,0.048,"L",0.061,0.795,0.144,0.917,"M",0,0.029,0.971,0.03,"L",0.14,0.579,0.281,0.859,"M",0,0.035,0.964,0.036,"L",0.002,0.081,0.918,0.0840000000000001,"L",0.045,0.357,0.597,0.448,"L"
"S100","s03-08","c03","adaptive_acc","Adaptive","Accuracy",63,14,49,0,750,0,0.002,0.998,0.002,"L",0.073,0.599,0.328,0.745,"M",0.098,0.227,0.675,0.422,"L",0,0.01,0.99,0.01,"L",0,0.007,0.993,0.0069999999999999,"L",0.051,0.76,0.189,0.862,"M",0,0.017,0.983,0.0169999999999999,"L",0.008,0.227,0.765,0.243,"L",0.083,0.391,0.526,0.556,"L",0.001,0.076,0.923,0.079,"L",0,0.02,0.98,0.02,"L"
"S106","s03-09","c03","adaptive_acc","Adaptive","Accuracy",63,33,22,8,NA,0.277,0.712,0.011,1.266,"M",0.985,0.015,0,1.984,"H",0.242,0.315,0.442,0.8,"L",0.003,0.1,0.897,0.106,"L",0.032,0.198,0.769,0.263,"L",0.968,0.032,0,1.968,"H",0.304,0.475,0.22,1.084,"M",0.853,0.143,0.004,1.85,"H",0.828,0.164,0.008,1.82,"H",0.111,0.316,0.573,0.538,"L",0.103,0.441,0.457,0.646,"L"
"S103","s03-10","c03","adaptive_acc","Adaptive","Accuracy",63,32,18,13,NA,0.87,0.13,0,1.869,"H",0.995,0.005,0,1.995,"H",0.297,0.332,0.371,0.926,"L",0.915,0.083,0.002,1.913,"H",0.63,0.286,0.084,1.547,"H",0.979,0.02,0.001,1.978,"H",0.095,0.442,0.463,0.632,"L",0.67,0.267,0.063,1.607,"H",0.795,0.191,0.014,1.781,"H",0.488,0.381,0.13,1.358,"H",0.029,0.308,0.662,0.367,"L"
"S110","s03-11","c03","adaptive_full","Adaptive","Full",63,42,19,2,2454,0.915,0.085,0,1.915,"H",0.993,0.006,0,1.993,"H",0.301,0.334,0.366,0.935,"L",0.923,0.076,0.002,1.921,"H",0,0.029,0.971,0.0289999999999999,"L",1,0,0,2,"H",0.32,0.506,0.174,1.146,"M",0.866,0.13,0.003,1.863,"H",0.753,0.229,0.018,1.735,"H",0.319,0.406,0.276,1.043,"M",0.731,0.249,0.02,1.711,"H"
"S107","s03-12","c03","adaptive_full","Adaptive","Full",63,11,46,1,490,0,0.001,0.999,0.00099999999999989,"L",0.208,0.656,0.137,1.071,"M",0.097,0.227,0.675,0.422,"L",0,0.01,0.99,0.01,"L",0,0.012,0.988,0.0129999999999999,"L",0.037,0.774,0.188,0.849,"M",0.001,0.049,0.95,0.0509999999999999,"L",0.008,0.227,0.765,0.243,"L",0.001,0.065,0.934,0.0669999999999999,"L",0.001,0.076,0.923,0.079,"L",0,0.02,0.98,0.02,"L"
"S109","s03-13","c03","adaptive_acc","Adaptive","Accuracy",63,37,26,0,2527,0.689,0.31,0.001,1.688,"H",0.992,0.008,0,1.992,"H",0.28,0.328,0.392,0.889,"L",0.886,0.11,0.004,1.882,"H",0.011,0.118,0.871,0.139,"L",0.988,0.012,0,1.987,"H",0.188,0.495,0.317,0.871,"M",0.071,0.429,0.5,0.571,"L",0.138,0.462,0.4,0.737,"M",0.102,0.353,0.545,0.557,"L",0.209,0.495,0.296,0.913,"M"
"S112","s03-14","c03","adaptive_acc","Adaptive","Accuracy",63,21,15,27,NA,0.694,0.304,0.001,1.693,"H",0.988,0.011,0,1.988,"H",0.281,0.328,0.391,0.889,"L",0.844,0.146,0.01,1.833,"H",0.038,0.122,0.84,0.199,"L",0.967,0.032,0.001,1.966,"H",0.131,0.46,0.409,0.721,"M",0.324,0.379,0.297,1.027,"M",0.546,0.383,0.071,1.475,"H",0.256,0.406,0.337,0.919,"M",0.015,0.211,0.774,0.242,"L"
"S105","s03-15","c03","linear_full","Linear","Full",63,23,40,0,1752,0.001,0.372,0.627,0.374,"L",0.622,0.352,0.026,1.596,"H",0.143,0.258,0.6,0.543,"L",0,0.029,0.971,0.0289999999999999,"L",0.009,0.132,0.859,0.15,"L",0.725,0.273,0.002,1.722,"H",0.001,0.048,0.951,0.05,"L",0.002,0.103,0.895,0.107,"L",0.006,0.143,0.851,0.155,"L",0.008,0.14,0.853,0.155,"L",0,0.019,0.981,0.0189999999999999,"L"
"S104","s03-16","c03","adaptive_full","Adaptive","Full",63,9,54,0,1823,0,0,1,0,"L",0.018,0.402,0.58,0.439,"L",0.097,0.227,0.675,0.422,"L",0,0.01,0.99,0.01,"L",0,0.007,0.993,0.0069999999999999,"L",0.007,0.489,0.505,0.502,"L",0.001,0.041,0.958,0.0429999999999999,"L",0.008,0.228,0.764,0.244,"L",0.037,0.288,0.675,0.361,"L",0.009,0.183,0.808,0.201,"L",0,0.026,0.973,0.0269999999999999,"L"
"S108","s03-17","c03","linear_full","Linear","Full",63,35,22,6,NA,0.844,0.155,0,1.844,"H",0.998,0.002,0,1.998,"H",0.294,0.332,0.374,0.921,"L",0.8,0.189,0.012,1.788,"H",0,0.022,0.978,0.022,"L",0.998,0.002,0,1.998,"H",0.182,0.499,0.319,0.863,"M",0.206,0.549,0.245,0.961,"M",0.824,0.167,0.009,1.815,"H",0.236,0.42,0.344,0.893,"M",0.739,0.217,0.044,1.695,"H"
"S097","s03-18","c03","adaptive_acc","Adaptive","Accuracy",63,30,33,0,2263,0.287,0.705,0.009,1.278,"M",0.95,0.049,0.001,1.949,"H",0.244,0.316,0.44,0.803,"L",0.003,0.102,0.895,0.108,"L",0.003,0.079,0.918,0.0860000000000001,"L",0.965,0.035,0,1.965,"H",0.624,0.327,0.049,1.576,"H",0.014,0.239,0.747,0.267,"L",0.119,0.447,0.434,0.685,"M",0.105,0.367,0.528,0.577,"L",0.027,0.272,0.701,0.326,"L"
"S129","s04-01","c04","adaptive_full","Adaptive","Full",63,47,15,1,2510,0.998,0.002,0,1.998,"H",1,0,0,2,"H",0.308,0.336,0.356,0.952,"L",0.936,0.063,0.001,1.935,"H",0.005,0.105,0.89,0.115,"L",1,0,0,2,"H",0.439,0.465,0.096,1.343,"M",0.531,0.405,0.064,1.467,"H",0.66,0.306,0.035,1.625,"H",0.5,0.373,0.127,1.373,"H",0.897,0.101,0.002,1.895,"H"
"S128","s04-02","c04","adaptive_acc","Adaptive","Accuracy",63,27,36,0,2444,0.019,0.718,0.263,0.755,"M",0.898,0.1,0.003,1.895,"H",0.189,0.288,0.523,0.665,"L",0.456,0.411,0.133,1.323,"H",0,0.007,0.993,0.0069999999999999,"L",0.648,0.341,0.011,1.637,"H",0.01,0.161,0.828,0.182,"L",0.008,0.229,0.762,0.246,"L",0.314,0.496,0.19,1.124,"M",0.017,0.193,0.79,0.227,"L",0.004,0.12,0.876,0.127,"L"
"S120","s04-03","c04","adaptive_full","Adaptive","Full",63,35,28,0,2682,0.316,0.675,0.009,1.307,"M",0.98,0.02,0,1.98,"H",0.246,0.317,0.437,0.809,"L",0.068,0.373,0.559,0.509,"L",0.007,0.099,0.894,0.113,"L",0.978,0.021,0,1.978,"H",0.499,0.403,0.098,1.401,"H",0.067,0.429,0.505,0.562,"L",0.603,0.348,0.049,1.554,"H",0.134,0.379,0.487,0.647,"L",0.027,0.271,0.702,0.325,"L"
"S136","s04-04","c04","linear_full","Linear","Full",63,43,18,2,NA,0.896,0.104,0,1.896,"H",0.999,0.001,0,1.999,"H",0.299,0.333,0.368,0.931,"L",0.92,0.079,0.002,1.918,"H",0.011,0.132,0.858,0.153,"L",1,0,0,2,"H",0.177,0.504,0.32,0.857,"M",0.292,0.504,0.205,1.087,"M",0.934,0.065,0.001,1.933,"H",0.501,0.366,0.132,1.369,"H",0.032,0.292,0.676,0.356,"L"
"S122","s04-05","c04","adaptive_acc","Adaptive","Accuracy",63,34,29,0,2421,0.078,0.85,0.072,1.007,"M",0.956,0.043,0.001,1.955,"H",0.217,0.305,0.478,0.74,"L",0.545,0.386,0.069,1.475,"H",0,0.013,0.987,0.0129999999999999,"L",0.97,0.03,0,1.97,"H",0.036,0.289,0.675,0.361,"L",0.381,0.525,0.095,1.286,"M",0.386,0.484,0.131,1.255,"M",0.073,0.302,0.625,0.447,"L",0.009,0.184,0.806,0.203,"L"
"S124","s04-06","c04","linear_full","Linear","Full",63,33,30,0,2489,0.054,0.877,0.069,0.984,"M",0.992,0.008,0,1.992,"H",0.215,0.305,0.48,0.735,"L",0.006,0.148,0.846,0.16,"L",0.001,0.029,0.97,0.0309999999999999,"L",0.986,0.014,0,1.986,"H",0.055,0.342,0.604,0.451,"L",0.067,0.432,0.501,0.566,"L",0.068,0.411,0.521,0.547,"L",0.401,0.421,0.179,1.222,"M",0.006,0.159,0.835,0.172,"L"
"S127","s04-07","c04","linear_full","Linear","Full",63,34,29,0,2462,0.052,0.877,0.072,0.98,"M",0.955,0.044,0.001,1.954,"H",0.215,0.304,0.481,0.734,"L",0.001,0.064,0.935,0.0660000000000001,"L",0,0.027,0.972,0.028,"L",0.987,0.013,0,1.987,"H",0.152,0.443,0.405,0.746,"M",0.851,0.145,0.004,1.847,"H",0.872,0.124,0.004,1.868,"H",0.306,0.398,0.296,1.011,"M",0,0.044,0.955,0.0449999999999999,"L"
"S126","s04-08","c04","adaptive_full","Adaptive","Full",63,8,55,0,1438,0,0,1,0,"L",0.018,0.402,0.579,0.439,"L",0.097,0.227,0.675,0.422,"L",0,0.01,0.99,0.01,"L",0,0.001,0.999,0.00099999999999989,"L",0.018,0.669,0.313,0.704,"M",0,0.006,0.994,0.00600000000000001,"L",0.001,0.101,0.897,0.104,"L",0.011,0.17,0.819,0.192,"L",0,0.038,0.962,0.0389999999999999,"L",0,0.023,0.977,0.0229999999999999,"L"
"S134","s04-09","c04","adaptive_acc","Adaptive","Accuracy",63,29,34,0,2403,0.005,0.411,0.584,0.421,"L",0.473,0.445,0.082,1.391,"H",0.148,0.261,0.59,0.558,"L",0,0.031,0.968,0.032,"L",0.018,0.185,0.796,0.222,"L",0.984,0.016,0,1.984,"H",0.053,0.272,0.675,0.378,"L",0.002,0.108,0.89,0.113,"L",0.066,0.384,0.55,0.515,"L",0.06,0.329,0.611,0.449,"L",0.287,0.491,0.222,1.066,"M"
"S125","s04-10","c04","adaptive_acc","Adaptive","Accuracy",63,18,45,0,927,0,0.006,0.994,0.00600000000000001,"L",0.211,0.653,0.136,1.075,"M",0.098,0.228,0.674,0.424,"L",0,0.01,0.99,0.01,"L",0.008,0.131,0.86,0.148,"L",0.095,0.79,0.114,0.981,"M",0,0.025,0.975,0.0249999999999999,"L",0.001,0.102,0.896,0.105,"L",0.066,0.371,0.562,0.504,"L",0.003,0.109,0.888,0.114,"L",0,0.036,0.964,0.036,"L"
"S132","s04-11","c04","adaptive_full","Adaptive","Full",63,24,39,0,2189,0,0.112,0.888,0.112,"L",0.279,0.599,0.122,1.157,"M",0.111,0.236,0.653,0.458,"L",0,0.015,0.985,0.016,"L",0,0.008,0.992,0.00800000000000001,"L",0.918,0.082,0,1.917,"H",0.004,0.076,0.92,0.083,"L",0.041,0.423,0.535,0.506,"L",0.113,0.445,0.441,0.672,"M",0.052,0.341,0.608,0.444,"L",0.001,0.064,0.934,0.0669999999999999,"L"
"S121","s04-12","c04","linear_full","Linear","Full",63,40,23,0,2024,0.79,0.21,0,1.789,"H",0.995,0.005,0,1.995,"H",0.29,0.33,0.38,0.909,"L",0.585,0.358,0.057,1.529,"H",0.009,0.118,0.872,0.137,"L",0.999,0.001,0,1.999,"H",0.504,0.41,0.086,1.418,"H",0.464,0.458,0.078,1.386,"H",0.735,0.243,0.022,1.713,"H",0.198,0.394,0.408,0.79,"L",0.003,0.109,0.888,0.115,"L"
"S123","s04-13","c04","adaptive_full","Adaptive","Full",63,42,20,1,2664,0.983,0.017,0,1.983,"H",1,0,0,2,"H",0.307,0.336,0.358,0.949,"L",0.841,0.153,0.005,1.836,"H",0.008,0.138,0.855,0.153,"L",1,0,0,2,"H",0.396,0.49,0.114,1.281,"M",0.563,0.379,0.058,1.505,"H",0.9,0.098,0.003,1.897,"H",0.618,0.309,0.072,1.546,"H",0.543,0.397,0.06,1.483,"H"
"S130","s04-14","c04","linear_full","Linear","Full",63,30,33,0,2192,0.078,0.751,0.171,0.908,"M",0.748,0.224,0.028,1.72,"H",0.205,0.297,0.498,0.708,"L",0.105,0.429,0.466,0.639,"L",0,0.006,0.994,0.00600000000000001,"L",0.951,0.049,0,1.951,"H",0.176,0.438,0.385,0.791,"M",0.041,0.424,0.535,0.506,"L",0.802,0.188,0.01,1.791,"H",0.016,0.179,0.805,0.212,"L",0.025,0.27,0.706,0.319,"L"
"S135","s04-15","c04","adaptive_full","Adaptive","Full",63,39,24,0,2035,0.878,0.122,0,1.878,"H",0.997,0.003,0,1.997,"H",0.297,0.333,0.37,0.928,"L",0.619,0.337,0.043,1.576,"H",0,0.032,0.968,0.032,"L",0.998,0.002,0,1.998,"H",0.648,0.32,0.032,1.616,"H",0.895,0.103,0.002,1.893,"H",0.025,0.265,0.71,0.314,"L",0.674,0.269,0.056,1.618,"H",0.255,0.515,0.23,1.025,"M"
"S131","s04-16","c04","adaptive_acc","Adaptive","Accuracy",63,37,26,0,2429,0.892,0.108,0,1.892,"H",0.997,0.003,0,1.997,"H",0.299,0.333,0.368,0.931,"L",0.814,0.176,0.009,1.805,"H",0.001,0.032,0.967,0.0329999999999999,"L",0.994,0.006,0,1.994,"H",0.5,0.421,0.079,1.421,"H",0.453,0.467,0.08,1.374,"M",0.13,0.459,0.41,0.72,"M",0.252,0.419,0.329,0.924,"M",0.5,0.419,0.081,1.419,"H"
"S119","s04-17","c04","adaptive_acc","Adaptive","Accuracy",63,28,35,0,1715,0.063,0.853,0.084,0.979,"M",0.952,0.048,0.001,1.951,"H",0.214,0.304,0.482,0.732,"L",0.006,0.149,0.845,0.161,"L",0,0.01,0.99,0.01,"L",0.969,0.031,0,1.969,"H",0.009,0.165,0.827,0.182,"L",0.065,0.433,0.503,0.562,"L",0,0.04,0.96,0.0409999999999999,"L",0.44,0.412,0.148,1.293,"H",0.215,0.53,0.255,0.96,"M"
"S133","s04-18","c04","linear_full","Linear","Full",63,37,26,0,2550,0.004,0.455,0.541,0.463,"L",0.815,0.18,0.005,1.81,"H",0.154,0.265,0.582,0.572,"L",0.05,0.304,0.647,0.403,"L",0.209,0.375,0.417,0.792,"L",0.957,0.043,0,1.957,"H",0.071,0.295,0.634,0.437,"L",0.247,0.522,0.231,1.017,"M",0.756,0.227,0.017,1.739,"H",0.033,0.193,0.774,0.26,"L",0.008,0.168,0.824,0.184,"L"
"S154","s05-01","c05","linear_full","Linear","Full",63,51,12,0,2693,0.983,0.017,0,1.983,"H",1,0,0,2,"H",0.307,0.336,0.358,0.949,"L",0.841,0.154,0.005,1.836,"H",0.583,0.339,0.078,1.504,"H",1,0,0,2,"H",0.447,0.461,0.091,1.356,"M",0.849,0.138,0.013,1.837,"H",0.964,0.035,0,1.964,"H",0.617,0.322,0.06,1.557,"H",0.848,0.146,0.005,1.843,"H"
"S156","s05-02","c05","adaptive_full","Adaptive","Full",63,40,22,1,2307,0.148,0.811,0.041,1.108,"M",0.99,0.01,0,1.99,"H",0.227,0.31,0.463,0.764,"L",0.577,0.367,0.056,1.521,"H",0.007,0.116,0.877,0.13,"L",0.986,0.014,0,1.986,"H",0.028,0.263,0.709,0.319,"L",0.858,0.138,0.003,1.855,"H",0.256,0.516,0.228,1.029,"M",0.276,0.393,0.331,0.945,"M",0.498,0.428,0.074,1.423,"H"
"S143","s05-03","c05","adaptive_acc","Adaptive","Accuracy",63,34,27,2,NA,0.926,0.074,0,1.926,"H",0.998,0.002,0,1.998,"H",0.302,0.334,0.364,0.937,"L",0.824,0.168,0.008,1.816,"H",0,0.015,0.985,0.0149999999999999,"L",0.999,0.001,0,1.999,"H",0.251,0.527,0.223,1.028,"M",0.002,0.107,0.891,0.111,"L",0.09,0.421,0.489,0.602,"L",0.085,0.366,0.55,0.535,"L",0.564,0.378,0.058,1.506,"H"
"S152","s05-04","c05","adaptive_acc","Adaptive","Accuracy",63,31,21,11,NA,0.749,0.25,0.001,1.748,"H",0.997,0.003,0,1.997,"H",0.286,0.329,0.385,0.901,"L",0.57,0.367,0.063,1.506,"H",0.005,0.052,0.943,0.0620000000000001,"L",0.996,0.004,0,1.996,"H",0.302,0.496,0.202,1.1,"M",0.003,0.11,0.887,0.116,"L",0.635,0.322,0.043,1.592,"H",0.127,0.399,0.474,0.653,"L",0.096,0.434,0.469,0.627,"L"
"S146","s05-05","c05","adaptive_acc","Adaptive","Accuracy",63,20,23,20,NA,0.043,0.736,0.221,0.822,"M",0.71,0.255,0.035,1.676,"H",0.196,0.292,0.512,0.684,"L",0.245,0.479,0.275,0.97,"M",0,0.014,0.985,0.0149999999999999,"L",0.94,0.059,0.001,1.939,"H",0.306,0.439,0.255,1.051,"M",0.201,0.429,0.37,0.831,"M",0.095,0.433,0.473,0.622,"L",0.027,0.214,0.759,0.269,"L",0.003,0.097,0.9,0.103,"L"
"S142","s05-06","c05","linear_full","Linear","Full",63,25,38,0,2482,0.001,0.225,0.774,0.227,"L",0.548,0.419,0.032,1.516,"H",0.125,0.246,0.629,0.496,"L",0.028,0.226,0.746,0.282,"L",0,0.008,0.992,0.00800000000000001,"L",0.448,0.534,0.018,1.43,"M",0.003,0.072,0.925,0.0780000000000001,"L",0.141,0.579,0.28,0.861,"M",0.091,0.411,0.499,0.592,"L",0.008,0.144,0.847,0.161,"L",0,0.019,0.981,0.0189999999999999,"L"
"S141","s05-07","c05","adaptive_full","Adaptive","Full",63,41,21,1,2343,0.983,0.017,0,1.983,"H",0.999,0.001,0,1.999,"H",0.307,0.336,0.358,0.949,"L",0.66,0.313,0.027,1.633,"H",0.008,0.145,0.847,0.161,"L",1,0,0,2,"H",0.165,0.507,0.328,0.837,"M",0.887,0.11,0.003,1.884,"H",0.587,0.359,0.055,1.532,"H",0.428,0.388,0.184,1.244,"H",0.773,0.215,0.013,1.76,"H"
"S145","s05-08","c05","linear_full","Linear","Full",63,19,44,0,2119,0,0.051,0.948,0.052,"L",0.461,0.5,0.039,1.421,"M",0.104,0.231,0.665,0.439,"L",0,0.031,0.969,0.032,"L",0,0.019,0.981,0.0189999999999999,"L",0.023,0.637,0.341,0.682,"M",0,0.01,0.99,0.01,"L",0.142,0.578,0.28,0.861,"M",0.001,0.047,0.952,0.0489999999999999,"L",0.011,0.183,0.806,0.206,"L",0,0.026,0.974,0.0269999999999999,"L"
"S148","s05-09","c05","linear_full","Linear","Full",63,40,23,0,1899,0.774,0.226,0.001,1.773,"H",0.998,0.002,0,1.998,"H",0.288,0.33,0.382,0.906,"L",0.579,0.362,0.059,1.52,"H",0.661,0.271,0.068,1.593,"H",0.989,0.011,0,1.989,"H",0.091,0.43,0.479,0.612,"L",0.198,0.374,0.429,0.769,"L",0.914,0.084,0.002,1.912,"H",0.451,0.378,0.171,1.28,"H",0.008,0.171,0.821,0.186,"L"
"S144","s05-10","c05","adaptive_full","Adaptive","Full",63,41,7,15,NA,0.995,0.005,0,1.995,"H",1,0,0,2,"H",0.308,0.336,0.356,0.952,"L",0.845,0.15,0.005,1.84,"H",0.58,0.309,0.111,1.468,"H",1,0,0,2,"H",0.677,0.3,0.023,1.654,"H",0.975,0.025,0,1.974,"H",0.974,0.026,0,1.974,"H",0.811,0.177,0.012,1.798,"H",0.452,0.457,0.092,1.36,"M"
"S140","s05-11","c05","adaptive_acc","Adaptive","Accuracy",63,15,17,31,NA,0.009,0.544,0.447,0.562,"M",0.841,0.152,0.007,1.834,"H",0.165,0.273,0.562,0.603,"L",0.035,0.19,0.774,0.261,"L",0.035,0.102,0.863,0.173,"L",0.725,0.261,0.014,1.711,"H",0.242,0.41,0.348,0.895,"M",0.269,0.401,0.331,0.938,"M",0.12,0.405,0.476,0.644,"L",0.191,0.404,0.405,0.786,"L",0.01,0.155,0.835,0.175,"L"
"S151","s05-12","c05","linear_full","Linear","Full",63,29,34,0,1898,0.217,0.755,0.028,1.188,"M",0.972,0.028,0,1.972,"H",0.235,0.312,0.453,0.782,"L",0.358,0.485,0.158,1.2,"M",0.001,0.036,0.963,0.0369999999999999,"L",0.489,0.455,0.056,1.433,"H",0.239,0.485,0.276,0.963,"M",0.01,0.232,0.758,0.252,"L",0.408,0.459,0.133,1.274,"M",0.037,0.26,0.703,0.334,"L",0.003,0.109,0.889,0.114,"L"
"S147","s05-13","c05","adaptive_full","Adaptive","Full",63,38,24,1,2473,0.957,0.043,0,1.957,"H",0.985,0.013,0.001,1.984,"H",0.305,0.335,0.361,0.944,"L",0.834,0.16,0.006,1.827,"H",0.001,0.048,0.951,0.0489999999999999,"L",1,0,0,2,"H",0.434,0.465,0.101,1.332,"M",0.735,0.249,0.016,1.719,"H",0.846,0.148,0.007,1.839,"H",0.455,0.384,0.162,1.293,"H",0.407,0.475,0.119,1.288,"M"
"S149","s05-14","c05","adaptive_acc","Adaptive","Accuracy",63,42,20,1,1915,0.743,0.257,0.001,1.742,"H",0.993,0.007,0,1.993,"H",0.285,0.329,0.386,0.9,"L",0.769,0.214,0.016,1.753,"H",0.067,0.356,0.577,0.491,"L",0.998,0.002,0,1.998,"H",0.404,0.463,0.133,1.27,"M",0.92,0.078,0.002,1.918,"H",0.607,0.341,0.052,1.556,"H",0.641,0.284,0.076,1.565,"H",0.007,0.163,0.83,0.177,"L"
"S155","s05-15","c05","adaptive_acc","Adaptive","Accuracy",63,28,31,4,NA,0.022,0.771,0.207,0.815,"M",0.914,0.084,0.002,1.912,"H",0.196,0.293,0.512,0.684,"L",0.021,0.255,0.723,0.298,"L",0.002,0.041,0.957,0.0449999999999999,"L",0.96,0.04,0,1.96,"H",0.032,0.274,0.694,0.339,"L",0.05,0.426,0.524,0.526,"L",0.014,0.219,0.767,0.247,"L",0.091,0.354,0.555,0.536,"L",0.004,0.124,0.872,0.131,"L"
"S150","s05-16","c05","adaptive_full","Adaptive","Full",63,32,31,0,2646,0.065,0.823,0.112,0.954,"M",0.944,0.055,0.001,1.942,"H",0.211,0.302,0.487,0.724,"L",0.106,0.449,0.445,0.661,"M",0,0.008,0.992,0.00800000000000001,"L",0.976,0.024,0,1.976,"H",0.095,0.39,0.515,0.58,"L",0.422,0.492,0.086,1.335,"M",0.331,0.499,0.169,1.162,"M",0.278,0.415,0.307,0.971,"M",0.004,0.121,0.875,0.129,"L"
"S153","s05-17","c05","adaptive_full","Adaptive","Full",63,22,41,0,1656,0,0.003,0.997,0.00299999999999989,"L",0.209,0.655,0.136,1.073,"M",0.098,0.227,0.675,0.423,"L",0.001,0.064,0.935,0.0669999999999999,"L",0.002,0.05,0.948,0.054,"L",0.025,0.659,0.317,0.708,"M",0,0.011,0.989,0.0109999999999999,"L",0.349,0.549,0.101,1.248,"M",0.551,0.378,0.071,1.48,"H",0.001,0.061,0.938,0.0629999999999999,"L",0,0.044,0.956,0.0449999999999999,"L"
"S160","s06-01","c06","adaptive_acc","Adaptive","Accuracy",63,33,29,1,NA,0.009,0.572,0.418,0.591,"M",0.727,0.255,0.018,1.709,"H",0.169,0.275,0.556,0.613,"L",0.395,0.421,0.183,1.212,"M",0,0.016,0.984,0.0169999999999999,"L",0.884,0.116,0.001,1.883,"H",0.141,0.381,0.478,0.663,"L",0.618,0.357,0.025,1.594,"H",0.541,0.389,0.07,1.471,"H",0.019,0.172,0.809,0.21,"L",0.013,0.214,0.773,0.241,"L"
"S159","s06-02","c06","linear_full","Linear","Full",63,25,38,0,2506,0.001,0.197,0.802,0.198,"L",0.333,0.556,0.111,1.222,"M",0.121,0.243,0.635,0.486,"L",0,0.02,0.98,0.02,"L",0.007,0.112,0.881,0.127,"L",0.458,0.528,0.014,1.444,"M",0.002,0.062,0.936,0.0660000000000001,"L",0.044,0.424,0.532,0.512,"L",0.504,0.403,0.093,1.412,"H",0.016,0.199,0.785,0.231,"L",0,0.033,0.967,0.0329999999999999,"L"
"S165","s06-03","c06","linear_full","Linear","Full",63,17,46,0,1776,0,0.003,0.997,0.00299999999999989,"L",0.02,0.402,0.578,0.441,"L",0.098,0.227,0.675,0.423,"L",0,0.01,0.99,0.01,"L",0,0.015,0.985,0.0149999999999999,"L",0.029,0.7,0.271,0.758,"M",0,0.021,0.979,0.022,"L",0.35,0.549,0.101,1.249,"M",0.047,0.317,0.636,0.411,"L",0.012,0.188,0.8,0.212,"L",0.002,0.084,0.914,0.0880000000000001,"L"
"S166","s06-04","c06","adaptive_acc","Adaptive","Accuracy",63,14,49,0,1599,0,0.001,0.999,0.00099999999999989,"L",0.019,0.402,0.579,0.439,"L",0.097,0.227,0.675,0.422,"L",0,0.01,0.99,0.01,"L",0,0.003,0.997,0.00299999999999989,"L",0.327,0.648,0.025,1.302,"M",0,0.017,0.983,0.0169999999999999,"L",0.008,0.227,0.765,0.243,"L",0.147,0.456,0.397,0.75,"M",0.004,0.128,0.868,0.136,"L",0,0.013,0.987,0.0129999999999999,"L"
"S169","s06-05","c06","adaptive_acc","Adaptive","Accuracy",63,19,44,0,1368,0,0.022,0.978,0.022,"L",0.446,0.514,0.041,1.405,"M",0.1,0.229,0.671,0.429,"L",0,0.011,0.989,0.0109999999999999,"L",0,0.008,0.992,0.00800000000000001,"L",0.217,0.734,0.049,1.168,"M",0,0.01,0.99,0.01,"L",0.039,0.422,0.539,0.5,"L",0.093,0.416,0.49,0.603,"L",0.005,0.14,0.854,0.151,"L",0,0.042,0.958,0.0429999999999999,"L"
"S164","s06-06","c06","adaptive_full","Adaptive","Full",63,22,41,0,1936,0.001,0.171,0.828,0.174,"L",0.174,0.549,0.277,0.896,"M",0.118,0.241,0.64,0.478,"L",0,0.018,0.981,0.0189999999999999,"L",0.001,0.04,0.959,0.042,"L",0.329,0.636,0.034,1.295,"M",0.012,0.137,0.851,0.161,"L",0.042,0.423,0.534,0.508,"L",0.097,0.417,0.487,0.61,"L",0.033,0.283,0.683,0.35,"L",0.001,0.071,0.928,0.0740000000000001,"L"
"S157","s06-07","c06","adaptive_acc","Adaptive","Accuracy",63,19,44,0,1737,0,0.017,0.983,0.0169999999999999,"L",0.443,0.516,0.041,1.403,"M",0.099,0.229,0.672,0.427,"L",0,0.011,0.989,0.0109999999999999,"L",0.001,0.038,0.961,0.04,"L",0.254,0.719,0.027,1.227,"M",0.001,0.042,0.957,0.044,"L",0.008,0.228,0.764,0.245,"L",0.001,0.067,0.932,0.0700000000000001,"L",0.011,0.199,0.79,0.221,"L",0,0.03,0.97,0.03,"L"
"S163","s06-08","c06","adaptive_acc","Adaptive","Accuracy",63,18,45,0,1089,0.002,0.176,0.822,0.18,"L",0.085,0.415,0.5,0.585,"L",0.119,0.242,0.639,0.48,"L",0,0.019,0.981,0.0189999999999999,"L",0,0.018,0.982,0.018,"L",0.093,0.729,0.178,0.915,"M",0,0.017,0.983,0.0169999999999999,"L",0.041,0.423,0.536,0.505,"L",0.022,0.233,0.745,0.277,"L",0.027,0.254,0.719,0.308,"L",0.001,0.054,0.945,0.0549999999999999,"L"
"S170","s06-09","c06","adaptive_full","Adaptive","Full",63,21,42,0,2017,0,0.061,0.939,0.0620000000000001,"L",0.108,0.582,0.31,0.798,"M",0.105,0.232,0.663,0.442,"L",0,0.013,0.987,0.0129999999999999,"L",0.005,0.104,0.891,0.115,"L",0.474,0.514,0.012,1.462,"M",0,0.025,0.975,0.026,"L",0.001,0.103,0.896,0.105,"L",0.199,0.473,0.328,0.871,"M",0.009,0.174,0.817,0.193,"L",0,0.024,0.976,0.0249999999999999,"L"
"S167","s06-10","c06","adaptive_full","Adaptive","Full",63,18,45,0,2012,0,0.047,0.953,0.0469999999999999,"L",0.237,0.632,0.13,1.107,"M",0.103,0.231,0.666,0.437,"L",0,0.012,0.988,0.012,"L",0,0.003,0.997,0.00299999999999989,"L",0.17,0.762,0.068,1.101,"M",0.002,0.061,0.937,0.0660000000000001,"L",0.038,0.422,0.539,0.499,"L",0.028,0.27,0.701,0.327,"L",0.003,0.104,0.893,0.11,"L",0.013,0.211,0.776,0.237,"L"
"S161","s06-11","c06","adaptive_full","Adaptive","Full",63,27,36,0,1301,0.001,0.292,0.707,0.295,"L",0.766,0.227,0.007,1.76,"H",0.133,0.251,0.616,0.518,"L",0.034,0.248,0.717,0.317,"L",0,0.019,0.981,0.0189999999999999,"L",0.372,0.595,0.033,1.34,"M",0.005,0.097,0.898,0.107,"L",0.14,0.579,0.281,0.859,"M",0.2,0.487,0.314,0.886,"M",0.001,0.054,0.944,0.0569999999999999,"L",0.001,0.045,0.954,0.046,"L"
"S168","s06-12","c06","linear_full","Linear","Full",63,10,53,0,1701,0,0.001,0.999,0.00099999999999989,"L",0.019,0.402,0.579,0.44,"L",0.097,0.227,0.675,0.422,"L",0,0.01,0.99,0.01,"L",0,0.015,0.985,0.0149999999999999,"L",0.001,0.215,0.784,0.216,"L",0.002,0.053,0.945,0.056,"L",0.001,0.102,0.897,0.104,"L",0.001,0.071,0.927,0.0740000000000001,"L",0.006,0.152,0.843,0.163,"L",0.006,0.162,0.832,0.174,"L"
"S158","s06-13","c06","adaptive_full","Adaptive","Full",63,37,25,1,2480,0.605,0.393,0.002,1.604,"H",0.993,0.007,0,1.993,"H",0.273,0.325,0.402,0.871,"L",0.006,0.149,0.845,0.161,"L",0.23,0.45,0.32,0.909,"M",0.946,0.053,0.001,1.946,"H",0.132,0.457,0.411,0.721,"M",0.867,0.127,0.007,1.86,"H",0.818,0.173,0.009,1.808,"H",0.649,0.28,0.071,1.578,"H",0.086,0.422,0.491,0.595,"L"
"S171","s06-14","c06","linear_full","Linear","Full",63,20,43,0,1698,0.002,0.307,0.691,0.31,"L",0.59,0.381,0.029,1.561,"H",0.135,0.252,0.612,0.523,"L",0,0.025,0.974,0.026,"L",0,0.02,0.98,0.02,"L",0.122,0.717,0.16,0.962,"M",0.015,0.152,0.833,0.182,"L",0.04,0.423,0.537,0.504,"L",0.002,0.079,0.918,0.0840000000000001,"L",0.013,0.181,0.806,0.207,"L",0,0.033,0.967,0.034,"L"
"S162","s06-15","c06","linear_full","Linear","Full",63,8,55,0,1139,0,0,1,0,"L",0.018,0.402,0.58,0.439,"L",0.097,0.227,0.675,0.422,"L",0,0.01,0.99,0.01,"L",0,0.017,0.983,0.0169999999999999,"L",0,0.072,0.928,0.0720000000000001,"L",0,0.026,0.973,0.0269999999999999,"L",0.008,0.228,0.764,0.244,"L",0.001,0.048,0.952,0.0489999999999999,"L",0.007,0.164,0.829,0.177,"L",0.001,0.072,0.927,0.0740000000000001,"L"
"S179","s07-01","c07","linear_full","Linear","Full",63,23,39,1,NA,0.047,0.713,0.241,0.806,"M",0.698,0.264,0.037,1.661,"H",0.194,0.29,0.516,0.678,"L",0.024,0.254,0.722,0.302,"L",0,0.007,0.993,0.0069999999999999,"L",0.745,0.25,0.006,1.739,"H",0.016,0.192,0.792,0.223,"L",0.001,0.102,0.897,0.105,"L",0.195,0.499,0.306,0.889,"M",0.004,0.097,0.898,0.106,"L",0.003,0.105,0.891,0.112,"L"
"S182","s07-02","c07","linear_full","Linear","Full",63,29,34,0,1831,0.001,0.262,0.737,0.264,"L",0.567,0.403,0.031,1.536,"H",0.129,0.249,0.622,0.507,"L",0,0.023,0.977,0.0229999999999999,"L",0.015,0.127,0.859,0.156,"L",0.739,0.259,0.002,1.736,"H",0.004,0.082,0.914,0.0900000000000001,"L",0.395,0.513,0.092,1.302,"M",0.415,0.451,0.134,1.281,"M",0.08,0.318,0.603,0.477,"L",0.008,0.167,0.825,0.184,"L"
"S183","s07-03","c07","adaptive_acc","Adaptive","Accuracy",63,20,43,0,1289,0,0.003,0.997,0.00299999999999989,"L",0.02,0.402,0.578,0.442,"L",0.098,0.227,0.675,0.423,"L",0,0.01,0.99,0.01,"L",0.132,0.334,0.533,0.599,"L",0.013,0.546,0.44,0.573,"M",0.049,0.245,0.706,0.342,"L",0.223,0.535,0.242,0.982,"M",0.118,0.421,0.461,0.657,"L",0.074,0.315,0.611,0.463,"L",0.002,0.085,0.913,0.089,"L"
"S187","s07-04","c07","adaptive_full","Adaptive","Full",63,13,50,0,979,0,0.002,0.998,0.002,"L",0.019,0.402,0.579,0.44,"L",0.098,0.227,0.675,0.422,"L",0,0.01,0.99,0.01,"L",0,0.012,0.988,0.012,"L",0.017,0.642,0.341,0.676,"M",0.042,0.232,0.725,0.317,"L",0.009,0.231,0.76,0.25,"L",0.002,0.069,0.93,0.0720000000000001,"L",0.158,0.497,0.345,0.813,"M",0,0.041,0.958,0.042,"L"
"S184","s07-05","c07","adaptive_full","Adaptive","Full",63,10,53,0,1270,0,0.001,0.999,0.00099999999999989,"L",0.019,0.402,0.579,0.44,"L",0.097,0.227,0.675,0.422,"L",0,0.01,0.99,0.01,"L",0,0.003,0.997,0.00299999999999989,"L",0.01,0.595,0.395,0.615,"M",0,0.014,0.986,0.014,"L",0.008,0.228,0.763,0.245,"L",0,0.017,0.982,0.018,"L",0.035,0.322,0.644,0.391,"L",0,0.024,0.976,0.024,"L"
"S178","s07-06","c07","adaptive_full","Adaptive","Full",63,21,42,0,2364,0.01,0.399,0.591,0.42,"L",0.316,0.477,0.207,1.109,"M",0.148,0.261,0.591,0.557,"L",0,0.032,0.968,0.032,"L",0,0.019,0.981,0.0189999999999999,"L",0.44,0.535,0.025,1.416,"M",0.014,0.162,0.824,0.19,"L",0.009,0.229,0.762,0.246,"L",0.028,0.27,0.702,0.326,"L",0.02,0.219,0.761,0.259,"L",0.023,0.26,0.716,0.307,"L"
"S186","s07-07","c07","adaptive_acc","Adaptive","Accuracy",63,18,45,0,1821,0,0.106,0.893,0.107,"L",0.275,0.602,0.123,1.152,"M",0.11,0.236,0.654,0.456,"L",0,0.015,0.985,0.0149999999999999,"L",0,0.003,0.997,0.00299999999999989,"L",0.036,0.62,0.343,0.693,"M",0,0.026,0.974,0.0269999999999999,"L",0.038,0.422,0.54,0.498,"L",0.462,0.425,0.113,1.349,"H",0,0.041,0.958,0.042,"L",0.002,0.074,0.924,0.077,"L"
"S181","s07-08","c07","adaptive_full","Adaptive","Full",63,8,55,0,1586,0,0,1,0,"L",0.018,0.402,0.58,0.439,"L",0.097,0.227,0.675,0.422,"L",0,0.01,0.99,0.01,"L",0,0.008,0.992,0.00800000000000001,"L",0,0.149,0.851,0.149,"L",0,0.016,0.984,0.016,"L",0.139,0.58,0.282,0.857,"M",0.004,0.116,0.88,0.124,"L",0.003,0.108,0.889,0.114,"L",0,0.035,0.965,0.0349999999999999,"L"
"S177","s07-09","c07","adaptive_acc","Adaptive","Accuracy",63,9,54,0,1913,0,0,1,0,"L",0.072,0.6,0.328,0.744,"M",0.097,0.227,0.675,0.422,"L",0,0.01,0.99,0.01,"L",0,0.002,0.997,0.00299999999999989,"L",0.003,0.38,0.617,0.386,"L",0.001,0.046,0.952,0.0489999999999999,"L",0.008,0.227,0.765,0.243,"L",0.008,0.153,0.839,0.169,"L",0.005,0.144,0.851,0.154,"L",0.001,0.058,0.941,0.0600000000000001,"L"
"S188","s07-10","c07","linear_full","Linear","Full",63,11,52,0,2015,0,0.001,0.999,0.00099999999999989,"L",0.208,0.656,0.137,1.071,"M",0.097,0.227,0.675,0.422,"L",0,0.01,0.99,0.01,"L",0,0.019,0.981,0.0189999999999999,"L",0.003,0.375,0.623,0.38,"L",0,0.01,0.99,0.01,"L",0.001,0.102,0.897,0.104,"L",0.001,0.059,0.94,0.0609999999999999,"L",0.01,0.195,0.794,0.216,"L",0,0.029,0.97,0.03,"L"
"S180","s07-11","c07","adaptive_acc","Adaptive","Accuracy",63,22,41,0,2206,0,0.023,0.977,0.0229999999999999,"L",0.085,0.593,0.322,0.764,"M",0.1,0.229,0.671,0.429,"L",0,0.011,0.989,0.0109999999999999,"L",0,0.01,0.99,0.0109999999999999,"L",0.495,0.495,0.009,1.486,"H",0,0.02,0.98,0.02,"L",0.35,0.549,0.101,1.249,"M",0.31,0.475,0.215,1.095,"M",0.011,0.181,0.808,0.203,"L",0,0.023,0.976,0.024,"L"
"S189","s07-12","c07","adaptive_acc","Adaptive","Accuracy",63,14,47,0,1210,0,0,1,0,"L",0.019,0.402,0.579,0.439,"L",0.097,0.227,0.675,0.422,"L",0,0.01,0.99,0.01,"L",0.001,0.033,0.965,0.036,"L",0.027,0.696,0.277,0.749,"M",0.007,0.105,0.888,0.119,"L",0.163,0.568,0.269,0.895,"M",0.022,0.23,0.748,0.274,"L",0.192,0.495,0.312,0.88,"M",0,0.039,0.961,0.0389999999999999,"L"
"S201","s08-01","c08","adaptive_full","Adaptive","Full",63,18,45,0,1668,0,0.064,0.936,0.0640000000000001,"L",0.859,0.139,0.002,1.858,"H",0.105,0.232,0.662,0.443,"L",0,0.013,0.987,0.0129999999999999,"L",0,0.007,0.993,0.0069999999999999,"L",0.156,0.78,0.065,1.091,"M",0,0.016,0.984,0.016,"L",0.001,0.102,0.897,0.104,"L",0.005,0.124,0.871,0.134,"L",0.006,0.151,0.843,0.164,"L",0,0.018,0.981,0.0189999999999999,"L"
"S198","s08-02","c08","adaptive_full","Adaptive","Full",63,12,51,0,1841,0,0,1,0,"L",0.018,0.402,0.58,0.439,"L",0.097,0.227,0.675,0.422,"L",0,0.01,0.99,0.01,"L",0,0.017,0.983,0.0169999999999999,"L",0.019,0.659,0.322,0.697,"M",0.002,0.054,0.944,0.0580000000000001,"L",0.008,0.228,0.764,0.244,"L",0.026,0.248,0.726,0.299,"L",0.017,0.242,0.741,0.276,"L",0,0.045,0.955,0.046,"L"
"S197","s08-03","c08","adaptive_acc","Adaptive","Accuracy",63,11,52,0,2019,0,0,1,0,"L",0.018,0.402,0.579,0.439,"L",0.097,0.227,0.675,0.422,"L",0,0.01,0.99,0.01,"L",0,0.003,0.997,0.00299999999999989,"L",0.225,0.744,0.031,1.194,"M",0,0.018,0.981,0.0189999999999999,"L",0.001,0.102,0.897,0.104,"L",0,0.041,0.959,0.042,"L",0.01,0.201,0.788,0.222,"L",0.001,0.078,0.92,0.081,"L"
"S194","s08-04","c08","adaptive_acc","Adaptive","Accuracy",63,4,59,0,2665,0,0,1,0,"L",0.018,0.402,0.58,0.439,"L",0.097,0.227,0.675,0.422,"L",0,0.01,0.99,0.01,"L",0,0.007,0.993,0.0069999999999999,"L",0,0.034,0.966,0.034,"L",0,0.016,0.984,0.0169999999999999,"L",0.001,0.101,0.897,0.104,"L",0.001,0.049,0.95,0.0509999999999999,"L",0.001,0.08,0.918,0.083,"L",0.001,0.074,0.925,0.0760000000000001,"L"
"S195","s08-05","c08","adaptive_full","Adaptive","Full",63,10,53,0,1539,0,0.001,0.999,0.00099999999999989,"L",0.073,0.599,0.328,0.745,"M",0.097,0.227,0.675,0.422,"L",0,0.01,0.99,0.01,"L",0,0.017,0.983,0.0169999999999999,"L",0,0.127,0.872,0.128,"L",0,0.025,0.975,0.026,"L",0.001,0.102,0.897,0.104,"L",0.004,0.118,0.878,0.125,"L",0.006,0.16,0.833,0.173,"L",0.001,0.069,0.93,0.071,"L"
"S202","s08-06","c08","linear_full","Linear","Full",63,25,38,0,2112,0.001,0.311,0.689,0.312,"L",0.894,0.105,0.001,1.893,"H",0.135,0.253,0.612,0.523,"L",0,0.025,0.974,0.026,"L",0,0.004,0.996,0.004,"L",0.595,0.397,0.007,1.588,"H",0.04,0.24,0.72,0.32,"L",0.347,0.552,0.102,1.245,"M",0.04,0.311,0.649,0.391,"L",0,0.028,0.971,0.0289999999999999,"L",0,0.019,0.981,0.0189999999999999,"L"
"S199","s08-07","c08","linear_full","Linear","Full",63,17,46,0,2208,0,0.002,0.998,0.002,"L",0.073,0.599,0.328,0.745,"M",0.098,0.227,0.675,0.423,"L",0,0.01,0.99,0.01,"L",0,0.017,0.983,0.0169999999999999,"L",0.225,0.728,0.047,1.178,"M",0.004,0.088,0.907,0.097,"L",0.008,0.228,0.764,0.243,"L",0.179,0.476,0.345,0.833,"M",0.004,0.131,0.865,0.14,"L",0,0.014,0.986,0.0149999999999999,"L"
"S204","s08-08","c08","adaptive_full","Adaptive","Full",63,26,37,0,1902,0.001,0.196,0.803,0.198,"L",0.534,0.433,0.033,1.5,"H",0.121,0.243,0.635,0.486,"L",0.026,0.216,0.758,0.268,"L",0,0.023,0.976,0.024,"L",0.279,0.673,0.048,1.232,"M",0.006,0.1,0.895,0.111,"L",0.14,0.579,0.281,0.859,"M",0.063,0.365,0.571,0.492,"L",0.001,0.051,0.948,0.0529999999999999,"L",0.018,0.233,0.749,0.269,"L"
"S203","s08-09","c08","adaptive_acc","Adaptive","Accuracy",63,13,50,0,1910,0,0.001,0.999,0.00099999999999989,"L",0.019,0.402,0.579,0.44,"L",0.097,0.227,0.675,0.422,"L",0,0.01,0.99,0.01,"L",0.02,0.191,0.79,0.23,"L",0.002,0.33,0.668,0.334,"L",0.001,0.034,0.966,0.0349999999999999,"L",0.002,0.104,0.895,0.107,"L",0,0.039,0.961,0.04,"L",0.013,0.211,0.777,0.236,"L",0.003,0.115,0.882,0.121,"L"
"S200","s08-10","c08","adaptive_acc","Adaptive","Accuracy",63,27,36,0,1753,0.007,0.447,0.546,0.46,"L",0.497,0.425,0.077,1.42,"H",0.153,0.264,0.582,0.571,"L",0,0.033,0.966,0.034,"L",0.004,0.065,0.932,0.0720000000000001,"L",0.565,0.423,0.013,1.552,"H",0.036,0.241,0.723,0.313,"L",0.374,0.53,0.096,1.277,"M",0.162,0.472,0.365,0.797,"M",0.041,0.247,0.712,0.329,"L",0,0.045,0.955,0.046,"L"
"S196","s08-11","c08","linear_full","Linear","Full",63,23,40,0,2596,0.008,0.414,0.578,0.43,"L",0.18,0.43,0.39,0.789,"M",0.149,0.262,0.589,0.561,"L",0,0.032,0.968,0.0329999999999999,"L",0,0.015,0.985,0.0149999999999999,"L",0.769,0.229,0.002,1.766,"H",0.23,0.395,0.376,0.854,"M",0.044,0.424,0.532,0.512,"L",0.042,0.315,0.643,0.399,"L",0.069,0.347,0.584,0.485,"L",0.001,0.063,0.936,0.0649999999999999,"L"
"S208","s09-01","c09","adaptive_acc","Adaptive","Accuracy",63,16,12,35,NA,0.536,0.459,0.006,1.53,"H",0.981,0.019,0.001,1.98,"H",0.266,0.323,0.411,0.855,"L",0.695,0.26,0.045,1.65,"H",0.007,0.056,0.937,0.0700000000000001,"L",0.971,0.029,0.001,1.97,"H",0.229,0.475,0.296,0.933,"M",0.27,0.403,0.328,0.942,"M",0.749,0.21,0.041,1.708,"H",0.2,0.4,0.401,0.799,"L",0.045,0.297,0.657,0.388,"L"
"S209","s09-02","c09","adaptive_full","Adaptive","Full",63,24,39,0,2672,0.012,0.321,0.667,0.345,"L",0.149,0.421,0.43,0.719,"L",0.139,0.255,0.606,0.533,"L",0.128,0.381,0.491,0.637,"L",0,0.003,0.997,0.00299999999999989,"L",0.399,0.569,0.032,1.368,"M",0.125,0.349,0.526,0.599,"L",0.05,0.427,0.522,0.528,"L",0.227,0.484,0.29,0.937,"M",0.266,0.479,0.255,1.011,"M",0.001,0.067,0.932,0.069,"L"
"S216","s09-03","c09","linear_full","Linear","Full",63,45,18,0,2050,0.968,0.032,0,1.968,"H",0.999,0.001,0,1.999,"H",0.305,0.335,0.359,0.946,"L",0.837,0.157,0.006,1.831,"H",0.007,0.113,0.88,0.127,"L",1,0,0,2,"H",0.61,0.348,0.042,1.567,"H",0.5,0.429,0.071,1.43,"H",0.503,0.413,0.084,1.419,"H",0.339,0.422,0.24,1.099,"M",0.574,0.374,0.052,1.522,"H"
"S214","s09-04","c09","adaptive_acc","Adaptive","Accuracy",63,20,43,0,2001,0,0.129,0.871,0.13,"L",0.29,0.591,0.12,1.17,"M",0.113,0.238,0.649,0.464,"L",0.001,0.04,0.959,0.042,"L",0,0.03,0.969,0.0309999999999999,"L",0.211,0.732,0.056,1.155,"M",0.105,0.329,0.566,0.54,"L",0.001,0.103,0.896,0.106,"L",0.003,0.102,0.894,0.109,"L",0.042,0.329,0.629,0.413,"L",0.004,0.123,0.873,0.131,"L"
"S218","s09-05","c09","adaptive_full","Adaptive","Full",63,33,30,0,1516,0.114,0.837,0.05,1.064,"M",0.963,0.036,0.001,1.963,"H",0.223,0.308,0.469,0.754,"L",0.776,0.209,0.015,1.761,"H",0,0.006,0.994,0.00600000000000001,"L",0.673,0.313,0.014,1.659,"H",0.016,0.213,0.771,0.245,"L",0.814,0.181,0.005,1.81,"H",0.27,0.502,0.228,1.042,"M",0.005,0.09,0.905,0.099,"L",0.059,0.389,0.551,0.508,"L"
"S217","s09-06","c09","adaptive_acc","Adaptive","Accuracy",63,22,41,0,2111,0.002,0.362,0.636,0.367,"L",0.618,0.356,0.027,1.591,"H",0.142,0.257,0.601,0.541,"L",0,0.028,0.971,0.0289999999999999,"L",0.001,0.047,0.952,0.0489999999999999,"L",0.385,0.588,0.026,1.359,"M",0.061,0.284,0.655,0.405,"L",0.009,0.23,0.761,0.248,"L",0.002,0.078,0.92,0.0820000000000001,"L",0.029,0.261,0.71,0.319,"L",0.001,0.061,0.938,0.0629999999999999,"L"
"S223","s09-07","c09","adaptive_acc","Adaptive","Accuracy",63,14,49,0,1552,0,0.01,0.99,0.01,"L",0.022,0.403,0.575,0.447,"L",0.098,0.228,0.674,0.425,"L",0,0.01,0.99,0.01,"L",0,0.017,0.983,0.0169999999999999,"L",0.04,0.758,0.203,0.837,"M",0,0.016,0.984,0.016,"L",0.001,0.102,0.897,0.104,"L",0.008,0.15,0.842,0.166,"L",0.007,0.161,0.832,0.175,"L",0.001,0.055,0.944,0.056,"L"
"S212","s09-08","c09","adaptive_full","Adaptive","Full",63,20,43,0,1454,0,0.009,0.991,0.0089999999999999,"L",0.077,0.597,0.326,0.751,"M",0.098,0.228,0.674,0.425,"L",0,0.01,0.99,0.01,"L",0,0.021,0.979,0.0209999999999999,"L",0.385,0.6,0.015,1.369,"M",0.001,0.034,0.965,0.036,"L",0.141,0.579,0.28,0.861,"M",0.006,0.141,0.852,0.154,"L",0.01,0.186,0.804,0.207,"L",0.007,0.168,0.825,0.182,"L"
"S210","s09-09","c09","linear_full","Linear","Full",63,23,40,0,1658,0,0.055,0.945,0.0549999999999999,"L",0.039,0.406,0.555,0.484,"L",0.104,0.232,0.664,0.44,"L",0,0.012,0.988,0.0129999999999999,"L",0,0.008,0.992,0.00800000000000001,"L",0.754,0.244,0.002,1.752,"H",0.007,0.107,0.886,0.121,"L",0.349,0.549,0.101,1.248,"M",0.082,0.389,0.529,0.552,"L",0.009,0.157,0.834,0.175,"L",0.001,0.053,0.946,0.0549999999999999,"L"
"S220","s09-10","c09","adaptive_acc","Adaptive","Accuracy",63,30,33,0,1927,0.58,0.416,0.005,1.575,"H",0.988,0.012,0,1.988,"H",0.27,0.324,0.405,0.865,"L",0.503,0.406,0.091,1.413,"H",0,0.01,0.99,0.01,"L",0.9,0.097,0.003,1.898,"H",0.003,0.113,0.883,0.12,"L",0.173,0.564,0.263,0.911,"M",0.059,0.374,0.567,0.493,"L",0.094,0.348,0.558,0.536,"L",0.317,0.488,0.195,1.122,"M"
"S222","s09-11","c09","linear_full","Linear","Full",63,14,47,0,1491,0,0,1,0,"L",0.207,0.656,0.137,1.071,"M",0.097,0.227,0.675,0.422,"L",0,0.01,0.99,0.01,"L",0,0.003,0.997,0.00299999999999989,"L",0.173,0.778,0.049,1.125,"M",0,0.016,0.984,0.016,"L",0.138,0.58,0.282,0.856,"M",0.004,0.104,0.892,0.112,"L",0.001,0.049,0.951,0.05,"L",0,0.039,0.961,0.0389999999999999,"L"
"S211","s09-12","c09","adaptive_acc","Adaptive","Accuracy",63,17,46,0,1327,0,0.002,0.998,0.002,"L",0.073,0.599,0.328,0.745,"M",0.098,0.227,0.675,0.422,"L",0,0.01,0.99,0.01,"L",0,0.017,0.983,0.018,"L",0.33,0.645,0.025,1.305,"M",0,0.016,0.984,0.016,"L",0.008,0.227,0.765,0.243,"L",0.147,0.456,0.398,0.749,"M",0.002,0.094,0.904,0.0980000000000001,"L",0,0.027,0.973,0.0269999999999999,"L"
"S221","s09-13","c09","adaptive_full","Adaptive","Full",63,26,37,0,2201,0.026,0.605,0.369,0.657,"M",0.613,0.333,0.054,1.559,"H",0.176,0.279,0.544,0.632,"L",0.018,0.218,0.763,0.255,"L",0.001,0.039,0.96,0.04,"L",0.764,0.232,0.004,1.761,"H",0.036,0.257,0.707,0.329,"L",0.01,0.233,0.756,0.254,"L",0.13,0.459,0.41,0.72,"M",0.084,0.359,0.558,0.526,"L",0.007,0.158,0.835,0.172,"L"
"S215","s09-14","c09","adaptive_full","Adaptive","Full",63,38,25,0,2336,0.761,0.238,0.001,1.761,"H",0.998,0.002,0,1.998,"H",0.287,0.33,0.384,0.903,"L",0.775,0.209,0.016,1.759,"H",0,0.012,0.988,0.012,"L",0.998,0.002,0,1.998,"H",0.081,0.423,0.496,0.586,"L",0.172,0.565,0.263,0.908,"M",0.568,0.37,0.062,1.507,"H",0.074,0.318,0.608,0.466,"L",0.327,0.487,0.186,1.141,"M"
"S219","s09-15","c09","linear_full","Linear","Full",63,25,38,0,1370,0.049,0.773,0.179,0.87,"M",0.738,0.233,0.029,1.709,"H",0.202,0.296,0.503,0.699,"L",0.001,0.058,0.941,0.0600000000000001,"L",0,0.012,0.988,0.012,"L",0.861,0.138,0.001,1.86,"H",0.129,0.426,0.446,0.683,"L",0.386,0.521,0.094,1.292,"M",0.007,0.154,0.839,0.167,"L",0.106,0.345,0.549,0.558,"L",0.001,0.055,0.944,0.056,"L"
"S213","s09-16","c09","linear_full","Linear","Full",63,16,47,0,1875,0,0.013,0.987,0.0129999999999999,"L",0.215,0.65,0.135,1.081,"M",0.099,0.228,0.673,0.426,"L",0,0.01,0.99,0.01,"L",0,0.022,0.978,0.022,"L",0.087,0.819,0.094,0.993,"M",0,0.006,0.994,0.00600000000000001,"L",0.008,0.228,0.764,0.243,"L",0,0.031,0.969,0.0309999999999999,"L",0.003,0.113,0.884,0.119,"L",0,0.037,0.963,0.0369999999999999,"L"
