"SubjID","AltID","P.sgp..H","P.sgp..M","P.sgp..L","EAP.sgp","MAP.sgp","P.cr..H","P.cr..M","P.cr..L","EAP.cr","MAP.cr","P.dt..H","P.dt..M","P.dt..L","EAP.dt","MAP.dt","P.eg..H","P.eg..M","P.eg..L","EAP.eg","MAP.eg","P.exp..H","P.exp..M","P.exp..L","EAP.exp","MAP.exp","P.ext..H","P.ext..M","P.ext..L","EAP.ext","MAP.ext","P.mod..H","P.mod..M","P.mod..L","EAP.mod","MAP.mod","P.rr..H","P.rr..M","P.rr..L","EAP.rr","MAP.rr","P.tab..H","P.tab..M","P.tab..L","EAP.tab","MAP.tab","P.vr..H","P.vr..M","P.vr..L","EAP.vr","MAP.vr","P.pic..H","P.pic..M","P.pic..L","EAP.pic","MAP.pic"
"S055","s01-01",0,0.008,0.992,0.00800000000000001,"L",0.374,0.534,0.092,1.282,"M",0.098,0.228,0.674,0.424,"L",0.001,0.031,0.968,0.032,"L",0,0.005,0.995,0.00499999999999989,"L",0.317,0.619,0.064,1.253,"M",0,0.019,0.981,0.0189999999999999,"L",0.02,0.26,0.72,0.3,"L",0.008,0.114,0.878,0.13,"L",0.029,0.25,0.721,0.307,"L",0.004,0.089,0.907,0.097,"L"
"S058","s01-02",0.013,0.321,0.665,0.348,"L",0.744,0.241,0.015,1.728,"H",0.139,0.255,0.606,0.533,"L",0.005,0.079,0.916,0.089,"L",0.034,0.122,0.844,0.19,"L",0.787,0.208,0.005,1.783,"H",0.078,0.236,0.687,0.391,"L",0.594,0.353,0.053,1.541,"H",0.024,0.187,0.789,0.235,"L",0.099,0.259,0.642,0.457,"L",0.053,0.26,0.687,0.367,"L"
"S053","s01-03",0.003,0.084,0.913,0.0900000000000001,"L",0.21,0.547,0.243,0.968,"M",0.108,0.234,0.657,0.451,"L",0.002,0.043,0.956,0.046,"L",0,0.012,0.987,0.0129999999999999,"L",0.306,0.611,0.083,1.223,"M",0.049,0.195,0.756,0.292,"L",0.1,0.442,0.458,0.642,"L",0.021,0.177,0.802,0.219,"L",0.13,0.397,0.474,0.656,"L",0.054,0.278,0.668,0.386,"L"
"S061","s01-04",0.021,0.213,0.766,0.254,"L",0.31,0.484,0.206,1.104,"M",0.128,0.247,0.626,0.502,"L",0.005,0.067,0.928,0.077,"L",0,0.016,0.984,0.0169999999999999,"L",0.299,0.584,0.117,1.182,"M",0.014,0.111,0.874,0.14,"L",0.279,0.515,0.206,1.073,"M",0.017,0.161,0.822,0.195,"L",0.019,0.16,0.821,0.199,"L",0.063,0.27,0.667,0.396,"L"
"S063","s01-05",0.019,0.44,0.542,0.477,"L",0.786,0.202,0.013,1.773,"H",0.155,0.265,0.58,0.575,"L",0.007,0.097,0.896,0.111,"L",0,0.005,0.994,0.00600000000000001,"L",0.581,0.386,0.032,1.549,"H",0.005,0.081,0.914,0.0920000000000001,"L",0.092,0.443,0.465,0.628,"L",0.007,0.109,0.883,0.124,"L",0.022,0.171,0.807,0.215,"L",0.02,0.173,0.808,0.212,"L"
"S066","s01-06",0.064,0.521,0.414,0.65,"M",0.698,0.262,0.04,1.659,"H",0.174,0.277,0.549,0.625,"L",0.012,0.126,0.862,0.15,"L",0,0.01,0.99,0.01,"L",0.926,0.073,0.001,1.925,"H",0.121,0.295,0.584,0.537,"L",0.022,0.262,0.716,0.306,"L",0.147,0.362,0.491,0.657,"L",0.039,0.217,0.744,0.295,"L",0.068,0.278,0.654,0.415,"L"
"S062","s01-07",0,0.013,0.987,0.0129999999999999,"L",0.161,0.578,0.261,0.9,"M",0.099,0.228,0.673,0.426,"L",0.001,0.032,0.967,0.0329999999999999,"L",0,0.009,0.991,0.0089999999999999,"L",0.063,0.607,0.33,0.732,"M",0,0.02,0.98,0.0209999999999999,"L",0.088,0.443,0.469,0.619,"L",0.006,0.101,0.892,0.114,"L",0.002,0.073,0.925,0.077,"L",0.006,0.106,0.888,0.118,"L"
"S054","s01-08",0.891,0.107,0.002,1.89,"H",0.991,0.009,0,1.99,"H",0.298,0.333,0.369,0.93,"L",0.777,0.2,0.023,1.754,"H",0.012,0.086,0.902,0.11,"L",0.999,0.001,0,1.999,"H",0.573,0.345,0.081,1.492,"H",0.062,0.288,0.65,0.412,"L",0.907,0.088,0.005,1.903,"H",0.47,0.364,0.167,1.303,"H",0.494,0.374,0.132,1.363,"H"
"S057","s01-09",0.057,0.445,0.498,0.559,"L",0.652,0.301,0.047,1.604,"H",0.164,0.27,0.567,0.597,"L",0.011,0.113,0.877,0.134,"L",0,0.014,0.986,0.0149999999999999,"L",0.874,0.124,0.002,1.871,"H",0.029,0.162,0.809,0.22,"L",0.096,0.443,0.462,0.634,"L",0.1,0.31,0.589,0.511,"L",0.034,0.184,0.782,0.252,"L",0.194,0.3,0.506,0.688,"L"
"S060","s01-10",0.078,0.696,0.226,0.852,"M",0.895,0.099,0.005,1.89,"H",0.199,0.293,0.509,0.69,"L",0.016,0.155,0.83,0.186,"L",0,0.006,0.994,0.00600000000000001,"L",0.941,0.058,0.001,1.94,"H",0.007,0.103,0.891,0.116,"L",0.096,0.443,0.461,0.635,"L",0.198,0.396,0.406,0.791,"L",0.034,0.195,0.771,0.263,"L",0.035,0.225,0.739,0.296,"L"
"S067","s01-11",0,0.001,0.999,0.00099999999999989,"L",0.153,0.583,0.264,0.889,"M",0.097,0.227,0.675,0.422,"L",0.001,0.03,0.969,0.0309999999999999,"L",0,0.01,0.989,0.0109999999999999,"L",0.057,0.609,0.334,0.723,"M",0,0.019,0.981,0.0189999999999999,"L",0.088,0.443,0.469,0.619,"L",0.006,0.1,0.894,0.112,"L",0.002,0.072,0.926,0.0760000000000001,"L",0.005,0.104,0.891,0.114,"L"
"S056","s01-12",0,0.044,0.956,0.044,"L",0.394,0.517,0.089,1.305,"M",0.103,0.231,0.667,0.436,"L",0.001,0.036,0.963,0.038,"L",0.001,0.033,0.966,0.036,"L",0.506,0.469,0.025,1.481,"H",0.001,0.026,0.973,0.028,"L",0.09,0.443,0.467,0.623,"L",0.018,0.167,0.815,0.203,"L",0.008,0.126,0.866,0.142,"L",0.004,0.091,0.905,0.1,"L"
"S059","s01-13",0.016,0.222,0.762,0.254,"L",0.312,0.483,0.205,1.107,"M",0.128,0.247,0.625,0.503,"L",0.004,0.067,0.929,0.075,"L",0.065,0.15,0.785,0.28,"L",0.483,0.478,0.039,1.443,"H",0.045,0.187,0.769,0.276,"L",0.407,0.408,0.186,1.221,"M",0.012,0.135,0.853,0.159,"L",0.238,0.36,0.402,0.836,"L",0.01,0.122,0.868,0.142,"L"
"S064","s01-14",0.902,0.098,0.001,1.901,"H",0.997,0.003,0,1.997,"H",0.299,0.333,0.367,0.932,"L",0.096,0.385,0.519,0.577,"L",0.015,0.098,0.887,0.127,"L",0.998,0.002,0,1.998,"H",0.487,0.396,0.117,1.369,"H",0.076,0.298,0.627,0.449,"L",0.651,0.283,0.066,1.585,"H",0.708,0.243,0.05,1.658,"H",0.749,0.219,0.031,1.718,"H"
"S065","s01-15",0.032,0.556,0.411,0.621,"M",0.921,0.078,0.002,1.919,"H",0.172,0.276,0.552,0.62,"L",0.14,0.342,0.519,0.621,"L",0.001,0.018,0.981,0.0189999999999999,"L",0.951,0.049,0,1.951,"H",0.012,0.123,0.865,0.148,"L",0.286,0.511,0.203,1.082,"M",0.541,0.339,0.12,1.421,"H",0.028,0.168,0.804,0.224,"L",0.02,0.176,0.804,0.217,"L"
"S068","s01-16",0.001,0.052,0.947,0.054,"L",0.187,0.561,0.251,0.936,"M",0.104,0.232,0.665,0.439,"L",0.001,0.038,0.961,0.04,"L",0,0.022,0.978,0.0229999999999999,"L",0.317,0.607,0.076,1.24,"M",0.002,0.041,0.957,0.044,"L",0.02,0.26,0.72,0.301,"L",0.111,0.34,0.548,0.563,"L",0.017,0.192,0.791,0.227,"L",0.087,0.335,0.577,0.51,"L"
"S052","s01-17",0.639,0.342,0.019,1.621,"H",0.979,0.019,0.001,1.978,"H",0.274,0.325,0.401,0.872,"L",0.639,0.279,0.082,1.557,"H",0.006,0.045,0.949,0.0569999999999999,"L",0.986,0.014,0,1.985,"H",0.147,0.396,0.457,0.689,"L",0.281,0.399,0.32,0.961,"M",0.478,0.353,0.169,1.31,"H",0.27,0.361,0.369,0.901,"L",0.124,0.355,0.521,0.602,"L"
"S241","s10-01",0.017,0.375,0.608,0.409,"L",0.888,0.11,0.003,1.885,"H",0.147,0.26,0.594,0.553,"L",0.253,0.356,0.391,0.863,"L",0,0.012,0.987,0.0129999999999999,"L",0.883,0.115,0.001,1.882,"H",0.022,0.145,0.833,0.189,"L",0.021,0.261,0.718,0.303,"L",0.104,0.327,0.57,0.534,"L",0.026,0.192,0.782,0.244,"L",0.139,0.353,0.508,0.631,"L"
"S230","s10-02",0.799,0.195,0.005,1.794,"H",0.992,0.008,0,1.992,"H",0.29,0.33,0.38,0.91,"L",0.744,0.222,0.034,1.71,"H",0.075,0.222,0.703,0.372,"L",0.99,0.01,0,1.99,"H",0.269,0.447,0.284,0.986,"M",0.515,0.363,0.121,1.394,"H",0.248,0.403,0.349,0.898,"M",0.513,0.317,0.17,1.342,"H",0.297,0.421,0.282,1.015,"M"
"S232","s10-03",0.042,0.458,0.499,0.543,"L",0.65,0.303,0.047,1.602,"H",0.162,0.269,0.569,0.593,"L",0.009,0.109,0.882,0.128,"L",0,0.005,0.995,0.00499999999999989,"L",0.795,0.199,0.006,1.789,"H",0.113,0.281,0.606,0.507,"L",0.022,0.262,0.716,0.307,"L",0.143,0.361,0.496,0.647,"L",0.06,0.267,0.673,0.387,"L",0.02,0.166,0.814,0.206,"L"
"S233","s10-04",0.87,0.128,0.002,1.869,"H",0.998,0.002,0,1.998,"H",0.297,0.332,0.371,0.926,"L",0.77,0.205,0.025,1.744,"H",0.028,0.174,0.798,0.23,"L",0.999,0.001,0,1.999,"H",0.294,0.455,0.251,1.043,"M",0.74,0.23,0.03,1.71,"H",0.256,0.406,0.338,0.919,"M",0.641,0.265,0.094,1.548,"H",0.401,0.409,0.19,1.211,"M"
"S236","s10-05",0,0.024,0.976,0.024,"L",0.383,0.526,0.09,1.293,"M",0.1,0.229,0.671,0.43,"L",0.001,0.033,0.966,0.0349999999999999,"L",0.056,0.159,0.785,0.27,"L",0.007,0.27,0.723,0.284,"L",0.001,0.028,0.971,0.0289999999999999,"L",0.325,0.485,0.19,1.135,"M",0.003,0.077,0.919,0.0840000000000001,"L",0.067,0.256,0.678,0.389,"L",0.026,0.212,0.762,0.264,"L"
"S235","s10-06",0.053,0.616,0.331,0.723,"M",0.934,0.064,0.001,1.933,"H",0.184,0.283,0.533,0.65,"L",0.012,0.134,0.853,0.159,"L",0.001,0.02,0.979,0.022,"L",0.919,0.08,0.001,1.918,"H",0.006,0.097,0.896,0.11,"L",0.114,0.44,0.446,0.668,"L",0.034,0.219,0.747,0.287,"L",0.164,0.349,0.487,0.677,"L",0.215,0.4,0.384,0.831,"M"
"S240","s10-07",0,0.02,0.98,0.02,"L",0.636,0.341,0.022,1.614,"H",0.1,0.229,0.671,0.428,"L",0.005,0.08,0.915,0.089,"L",0.001,0.025,0.975,0.026,"L",0.155,0.67,0.175,0.979,"M",0.009,0.092,0.899,0.109,"L",0.02,0.26,0.72,0.301,"L",0.068,0.288,0.644,0.424,"L",0.018,0.203,0.779,0.239,"L",0.017,0.179,0.803,0.214,"L"
"S239","s10-08",0.453,0.498,0.049,1.404,"M",0.967,0.032,0.001,1.965,"H",0.253,0.317,0.429,0.824,"L",0.608,0.302,0.09,1.519,"H",0.003,0.041,0.956,0.0469999999999999,"L",0.989,0.011,0,1.989,"H",0.111,0.35,0.539,0.572,"L",0.034,0.271,0.695,0.339,"L",0.448,0.375,0.177,1.271,"H",0.173,0.353,0.475,0.698,"L",0.273,0.397,0.33,0.943,"M"
"S234","s10-09",0,0.024,0.975,0.0249999999999999,"L",0.169,0.573,0.258,0.91,"M",0.1,0.229,0.67,0.43,"L",0.001,0.033,0.966,0.0349999999999999,"L",0,0.005,0.995,0.00499999999999989,"L",0.276,0.634,0.09,1.186,"M",0.001,0.031,0.968,0.032,"L",0.019,0.259,0.721,0.298,"L",0.226,0.401,0.373,0.854,"M",0.001,0.062,0.936,0.0649999999999999,"L",0.004,0.093,0.903,0.101,"L"
"S231","s10-10",0.153,0.558,0.288,0.865,"M",0.775,0.197,0.028,1.747,"H",0.198,0.289,0.513,0.685,"L",0.022,0.164,0.814,0.209,"L",0.056,0.165,0.779,0.277,"L",0.922,0.077,0.001,1.921,"H",0.151,0.332,0.517,0.634,"L",0.639,0.315,0.046,1.594,"H",0.187,0.378,0.436,0.751,"L",0.195,0.295,0.509,0.686,"L",0.133,0.344,0.523,0.61,"L"
"S243","s10-11",0.002,0.201,0.797,0.205,"L",0.698,0.283,0.018,1.68,"H",0.122,0.244,0.634,0.488,"L",0.014,0.127,0.859,0.156,"L",0,0.005,0.995,0.00499999999999989,"L",0.781,0.214,0.004,1.777,"H",0.002,0.045,0.953,0.0489999999999999,"L",0.02,0.259,0.721,0.299,"L",0.187,0.383,0.43,0.756,"L",0.002,0.061,0.937,0.0649999999999999,"L",0.008,0.111,0.881,0.127,"L"
"S228","s10-12",0,0.036,0.964,0.036,"L",0.39,0.521,0.089,1.3,"M",0.102,0.23,0.668,0.434,"L",0.001,0.035,0.964,0.0369999999999999,"L",0,0.005,0.995,0.00499999999999989,"L",0.376,0.576,0.048,1.328,"M",0,0.013,0.987,0.0129999999999999,"L",0.02,0.259,0.721,0.299,"L",0.001,0.045,0.954,0.0469999999999999,"L",0.007,0.13,0.863,0.144,"L",0.028,0.215,0.757,0.27,"L"
"S238","s10-13",0.005,0.232,0.763,0.242,"L",0.862,0.135,0.003,1.859,"H",0.127,0.247,0.627,0.5,"L",0.192,0.344,0.463,0.729,"L",0.004,0.047,0.949,0.056,"L",0.842,0.156,0.002,1.84,"H",0.004,0.065,0.93,0.0740000000000001,"L",0.294,0.505,0.2,1.094,"M",0.019,0.167,0.814,0.205,"L",0.058,0.246,0.696,0.363,"L",0.044,0.237,0.719,0.325,"L"
"S229","s10-14",0.028,0.311,0.661,0.367,"L",0.381,0.44,0.18,1.201,"M",0.141,0.256,0.603,0.538,"L",0.006,0.083,0.91,0.0960000000000001,"L",0,0.005,0.995,0.00499999999999989,"L",0.87,0.129,0.002,1.868,"H",0.04,0.177,0.783,0.258,"L",0.091,0.443,0.466,0.625,"L",0.116,0.334,0.55,0.566,"L",0.013,0.136,0.851,0.162,"L",0.062,0.26,0.678,0.384,"L"
"S242","s10-15",0.502,0.448,0.049,1.453,"H",0.934,0.06,0.006,1.928,"H",0.258,0.318,0.424,0.834,"L",0.058,0.282,0.661,0.397,"L",0.06,0.175,0.765,0.296,"L",0.992,0.008,0,1.992,"H",0.235,0.405,0.36,0.875,"M",0.09,0.291,0.62,0.47,"L",0.544,0.336,0.12,1.424,"H",0.412,0.356,0.232,1.181,"H",0.595,0.31,0.094,1.501,"H"
"S237","s10-16",0.145,0.534,0.321,0.824,"M",0.756,0.213,0.031,1.725,"H",0.193,0.287,0.521,0.672,"L",0.076,0.268,0.656,0.42,"L",0.003,0.03,0.967,0.036,"L",0.984,0.016,0,1.984,"H",0.127,0.307,0.566,0.561,"L",0.341,0.449,0.21,1.131,"M",0.415,0.381,0.204,1.211,"H",0.11,0.28,0.61,0.501,"L",0.313,0.388,0.298,1.015,"M"
"S260","s11-01",0.298,0.572,0.13,1.168,"M",0.874,0.113,0.013,1.86,"H",0.23,0.306,0.464,0.766,"L",0.525,0.332,0.142,1.383,"H",0,0.014,0.986,0.014,"L",0.965,0.034,0,1.965,"H",0.087,0.305,0.608,0.478,"L",0.332,0.483,0.185,1.147,"M",0.393,0.388,0.219,1.173,"H",0.186,0.328,0.486,0.699,"L",0.068,0.273,0.66,0.408,"L"
"S257","s11-02",0,0.044,0.956,0.044,"L",0.644,0.334,0.022,1.622,"H",0.103,0.231,0.667,0.436,"L",0.029,0.186,0.785,0.244,"L",0,0.005,0.995,0.00499999999999989,"L",0.193,0.669,0.138,1.056,"M",0,0.02,0.98,0.0209999999999999,"L",0.088,0.443,0.469,0.619,"L",0.005,0.089,0.907,0.0980000000000001,"L",0.002,0.068,0.93,0.0720000000000001,"L",0.006,0.104,0.891,0.115,"L"
"S258","s11-03",0.005,0.238,0.757,0.248,"L",0.712,0.27,0.017,1.695,"H",0.127,0.247,0.625,0.502,"L",0.003,0.065,0.932,0.071,"L",0,0.005,0.995,0.00499999999999989,"L",0.792,0.204,0.004,1.788,"H",0.017,0.121,0.862,0.155,"L",0.091,0.443,0.466,0.625,"L",0.018,0.164,0.819,0.199,"L",0.022,0.181,0.798,0.224,"L",0.107,0.332,0.561,0.546,"L"
"S249","s11-04",0,0.011,0.989,0.0109999999999999,"L",0.375,0.533,0.092,1.284,"M",0.099,0.228,0.673,0.425,"L",0.001,0.032,0.968,0.0329999999999999,"L",0.001,0.022,0.977,0.024,"L",0.136,0.679,0.185,0.951,"M",0.001,0.033,0.966,0.0349999999999999,"L",0.022,0.261,0.717,0.305,"L",0.002,0.052,0.946,0.0549999999999999,"L",0.07,0.349,0.581,0.49,"L",0.089,0.345,0.566,0.522,"L"
"S253","s11-05",0.001,0.088,0.912,0.089,"L",0.419,0.497,0.085,1.334,"M",0.108,0.234,0.657,0.451,"L",0.001,0.042,0.956,0.0449999999999999,"L",0,0.005,0.995,0.00499999999999989,"L",0.555,0.424,0.021,1.534,"H",0.004,0.062,0.934,0.071,"L",0.02,0.26,0.721,0.299,"L",0.046,0.247,0.706,0.34,"L",0.007,0.124,0.868,0.139,"L",0.03,0.215,0.754,0.276,"L"
"S263","s11-06",0.116,0.582,0.302,0.813,"M",0.764,0.206,0.029,1.735,"H",0.193,0.287,0.52,0.672,"L",0.018,0.153,0.828,0.19,"L",0.001,0.027,0.972,0.03,"L",0.772,0.216,0.012,1.761,"H",0.026,0.18,0.794,0.233,"L",0.57,0.374,0.056,1.513,"H",0.342,0.402,0.256,1.086,"M",0.055,0.208,0.737,0.318,"L",0.039,0.22,0.741,0.298,"L"
"S252","s11-07",0,0.001,0.999,0.00099999999999989,"L",0.153,0.583,0.264,0.889,"M",0.097,0.227,0.675,0.422,"L",0.001,0.03,0.969,0.0309999999999999,"L",0,0.013,0.987,0.0129999999999999,"L",0.034,0.53,0.435,0.599,"M",0,0.019,0.981,0.0189999999999999,"L",0.088,0.443,0.469,0.619,"L",0.042,0.238,0.721,0.321,"L",0.002,0.075,0.923,0.079,"L",0.005,0.107,0.888,0.118,"L"
"S255","s11-08",0.573,0.401,0.026,1.548,"H",0.978,0.021,0.001,1.978,"H",0.267,0.322,0.411,0.857,"L",0.659,0.275,0.066,1.592,"H",0.002,0.038,0.96,0.042,"L",0.989,0.011,0,1.989,"H",0.355,0.411,0.234,1.122,"M",0.048,0.284,0.668,0.379,"L",0.183,0.378,0.439,0.744,"L",0.528,0.334,0.138,1.39,"H",0.229,0.398,0.372,0.857,"M"
"S254","s11-09",0.742,0.248,0.009,1.733,"H",0.989,0.011,0,1.989,"H",0.284,0.328,0.387,0.897,"L",0.723,0.235,0.042,1.681,"H",0.043,0.152,0.805,0.237,"L",0.997,0.003,0,1.997,"H",0.203,0.43,0.367,0.837,"M",0.222,0.413,0.365,0.857,"M",0.641,0.287,0.072,1.569,"H",0.395,0.358,0.247,1.148,"H",0.534,0.345,0.12,1.414,"H"
"S261","s11-10",0.059,0.509,0.431,0.628,"M",0.825,0.165,0.01,1.815,"H",0.172,0.275,0.553,0.619,"L",0.012,0.122,0.866,0.146,"L",0.004,0.048,0.948,0.0569999999999999,"L",0.631,0.341,0.028,1.603,"H",0.025,0.171,0.804,0.221,"L",0.317,0.492,0.192,1.125,"M",0.017,0.16,0.823,0.194,"L",0.121,0.304,0.575,0.545,"L",0.375,0.396,0.229,1.146,"M"
"S262","s11-11",0,0.03,0.97,0.0309999999999999,"L",0.386,0.524,0.09,1.297,"M",0.101,0.23,0.669,0.432,"L",0.001,0.034,0.965,0.036,"L",0,0.012,0.987,0.0129999999999999,"L",0.309,0.622,0.069,1.24,"M",0,0.017,0.983,0.018,"L",0.088,0.443,0.469,0.619,"L",0.004,0.078,0.918,0.085,"L",0.002,0.063,0.935,0.0660000000000001,"L",0.028,0.218,0.753,0.275,"L"
"S251","s11-12",0.002,0.113,0.885,0.116,"L",0.668,0.311,0.02,1.648,"H",0.111,0.237,0.652,0.459,"L",0.002,0.046,0.952,0.05,"L",0.007,0.068,0.925,0.081,"L",0.394,0.552,0.054,1.339,"M",0.012,0.104,0.884,0.128,"L",0.097,0.442,0.461,0.636,"L",0.057,0.27,0.673,0.385,"L",0.025,0.199,0.776,0.249,"L",0.022,0.187,0.791,0.231,"L"
"S250","s11-13",0.005,0.295,0.7,0.305,"L",0.873,0.124,0.003,1.869,"H",0.134,0.252,0.614,0.52,"L",0.004,0.072,0.924,0.0800000000000001,"L",0,0.016,0.984,0.0169999999999999,"L",0.596,0.383,0.021,1.575,"H",0.013,0.112,0.876,0.137,"L",0.279,0.515,0.206,1.073,"M",0.013,0.142,0.846,0.167,"L",0.018,0.152,0.83,0.188,"L",0.012,0.137,0.851,0.161,"L"
"S259","s11-14",0.162,0.633,0.206,0.956,"M",0.905,0.091,0.005,1.9,"H",0.208,0.296,0.495,0.713,"L",0.229,0.386,0.386,0.843,"L",0.001,0.028,0.971,0.03,"L",0.968,0.032,0,1.967,"H",0.212,0.367,0.421,0.791,"L",0.32,0.49,0.19,1.13,"M",0.053,0.256,0.69,0.363,"L",0.134,0.302,0.565,0.569,"L",0.044,0.236,0.72,0.325,"L"
"S256","s11-15",0,0.005,0.995,0.00499999999999989,"L",0.372,0.536,0.092,1.28,"M",0.098,0.228,0.675,0.423,"L",0.001,0.031,0.969,0.032,"L",0.001,0.02,0.979,0.022,"L",0.028,0.498,0.474,0.553,"M",0,0.015,0.984,0.016,"L",0.089,0.443,0.467,0.622,"L",0.003,0.066,0.931,0.0720000000000001,"L",0.011,0.159,0.83,0.181,"L",0.006,0.109,0.885,0.121,"L"
"S284","s12-01",0,0,1,0,"L",0.153,0.583,0.264,0.888,"M",0.097,0.227,0.675,0.422,"L",0.001,0.03,0.969,0.0309999999999999,"L",0,0.012,0.988,0.012,"L",0.027,0.505,0.467,0.56,"M",0,0.009,0.991,0.0089999999999999,"L",0.019,0.259,0.721,0.298,"L",0.002,0.066,0.931,0.071,"L",0.002,0.075,0.923,0.0800000000000001,"L",0.006,0.109,0.886,0.12,"L"
"S283","s12-02",0,0.007,0.993,0.0069999999999999,"L",0.157,0.58,0.263,0.894,"M",0.098,0.228,0.674,0.424,"L",0.001,0.031,0.968,0.032,"L",0,0.014,0.986,0.0149999999999999,"L",0.146,0.685,0.169,0.978,"M",0.001,0.029,0.97,0.03,"L",0.273,0.519,0.208,1.065,"M",0.005,0.088,0.908,0.097,"L",0.01,0.144,0.846,0.164,"L",0.005,0.098,0.898,0.107,"L"
"S273","s12-03",0,0.005,0.995,0.00499999999999989,"L",0.156,0.581,0.263,0.893,"M",0.098,0.228,0.674,0.423,"L",0.001,0.031,0.969,0.032,"L",0,0.012,0.988,0.012,"L",0.076,0.641,0.283,0.793,"M",0,0.023,0.977,0.024,"L",0.092,0.443,0.465,0.626,"L",0.002,0.058,0.94,0.0620000000000001,"L",0.04,0.277,0.683,0.358,"L",0.005,0.102,0.894,0.111,"L"
"S285","s12-04",0,0.001,0.999,0.00099999999999989,"L",0.153,0.583,0.264,0.889,"M",0.097,0.227,0.675,0.422,"L",0.001,0.03,0.969,0.0309999999999999,"L",0.001,0.032,0.967,0.034,"L",0.063,0.623,0.313,0.75,"M",0,0.023,0.977,0.024,"L",0.021,0.261,0.718,0.303,"L",0.002,0.059,0.939,0.0629999999999999,"L",0.038,0.278,0.683,0.355,"L",0.005,0.102,0.893,0.112,"L"
"S272","s12-05",0.019,0.19,0.792,0.227,"L",0.44,0.452,0.109,1.331,"M",0.124,0.245,0.631,0.493,"L",0.04,0.142,0.818,0.222,"L",0.002,0.02,0.978,0.024,"L",0.362,0.533,0.105,1.257,"M",0.007,0.059,0.933,0.0740000000000001,"L",0.195,0.431,0.374,0.821,"M",0.013,0.113,0.874,0.139,"L",0.021,0.164,0.815,0.207,"L",0.1,0.288,0.611,0.489,"L"
"S274","s12-06",0,0.001,0.999,0.00099999999999989,"L",0.153,0.583,0.264,0.889,"M",0.097,0.227,0.675,0.422,"L",0.004,0.075,0.921,0.0820000000000001,"L",0,0.012,0.988,0.0129999999999999,"L",0.02,0.453,0.527,0.493,"L",0.001,0.025,0.974,0.0269999999999999,"L",0.092,0.443,0.465,0.627,"L",0.003,0.068,0.93,0.073,"L",0.046,0.293,0.66,0.386,"L",0.006,0.109,0.885,0.12,"L"
"S281","s12-07",0,0.013,0.987,0.0129999999999999,"L",0.161,0.578,0.261,0.9,"M",0.099,0.228,0.673,0.426,"L",0.003,0.054,0.943,0.0589999999999999,"L",0.001,0.018,0.981,0.02,"L",0.141,0.67,0.189,0.952,"M",0,0.019,0.98,0.02,"L",0.19,0.433,0.377,0.812,"M",0.017,0.156,0.827,0.19,"L",0.012,0.152,0.836,0.176,"L",0.033,0.232,0.735,0.298,"L"
"S276","s12-08",0,0.015,0.985,0.0149999999999999,"L",0.414,0.486,0.1,1.314,"M",0.099,0.228,0.672,0.427,"L",0.011,0.093,0.896,0.114,"L",0.001,0.017,0.982,0.0189999999999999,"L",0.208,0.637,0.155,1.053,"M",0.001,0.024,0.976,0.0249999999999999,"L",0.187,0.434,0.379,0.808,"M",0.178,0.375,0.447,0.731,"L",0.002,0.071,0.927,0.075,"L",0.008,0.116,0.875,0.133,"L"
"S275","s12-09",0,0.003,0.997,0.00299999999999989,"L",0.154,0.582,0.264,0.89,"M",0.098,0.227,0.675,0.423,"L",0.002,0.054,0.944,0.0580000000000001,"L",0.001,0.017,0.982,0.0189999999999999,"L",0.029,0.464,0.508,0.521,"L",0.001,0.023,0.976,0.024,"L",0.187,0.434,0.379,0.808,"M",0.012,0.13,0.857,0.155,"L",0.003,0.083,0.914,0.089,"L",0.006,0.113,0.88,0.126,"L"
"S280","s12-10",0.001,0.036,0.963,0.0389999999999999,"L",0.39,0.52,0.089,1.301,"M",0.102,0.23,0.668,0.434,"L",0.006,0.085,0.909,0.0960000000000001,"L",0,0.013,0.987,0.014,"L",0.096,0.56,0.344,0.751,"M",0.004,0.056,0.939,0.0649999999999999,"L",0.093,0.443,0.464,0.629,"L",0.007,0.109,0.884,0.123,"L",0.05,0.252,0.699,0.351,"L",0.05,0.218,0.732,0.318,"L"
"S282","s12-11",0.048,0.359,0.593,0.454,"L",0.737,0.241,0.022,1.716,"H",0.151,0.262,0.587,0.564,"L",0.074,0.193,0.733,0.341,"L",0.002,0.022,0.976,0.026,"L",0.378,0.471,0.152,1.226,"M",0.005,0.064,0.931,0.075,"L",0.202,0.428,0.37,0.832,"M",0.026,0.164,0.81,0.216,"L",0.036,0.192,0.772,0.264,"L",0.045,0.203,0.752,0.292,"L"
"S270","s12-12",0.001,0.062,0.936,0.0649999999999999,"L",0.195,0.557,0.248,0.946,"M",0.105,0.232,0.662,0.443,"L",0.017,0.105,0.878,0.139,"L",0.001,0.018,0.982,0.0189999999999999,"L",0.633,0.343,0.024,1.609,"H",0.001,0.026,0.973,0.028,"L",0.19,0.433,0.378,0.812,"M",0.061,0.259,0.68,0.381,"L",0.009,0.129,0.862,0.148,"L",0.019,0.162,0.819,0.2,"L"
"S269","s12-13",0.078,0.439,0.483,0.595,"L",0.661,0.293,0.046,1.615,"H",0.167,0.271,0.561,0.606,"L",0.098,0.221,0.68,0.418,"L",0.003,0.025,0.971,0.032,"L",0.567,0.389,0.045,1.522,"H",0.003,0.055,0.942,0.0609999999999999,"L",0.207,0.426,0.367,0.841,"M",0.122,0.334,0.544,0.579,"L",0.046,0.2,0.754,0.292,"L",0.035,0.197,0.768,0.267,"L"
"S278","s12-14",0,0.002,0.998,0.002,"L",0.154,0.582,0.264,0.89,"M",0.098,0.227,0.675,0.423,"L",0.001,0.03,0.969,0.032,"L",0,0.01,0.99,0.01,"L",0.014,0.391,0.595,0.418,"L",0.001,0.033,0.966,0.036,"L",0.088,0.443,0.468,0.62,"L",0.008,0.116,0.876,0.132,"L",0.006,0.12,0.874,0.132,"L",0.023,0.204,0.774,0.249,"L"
"S279","s12-15",0,0.024,0.976,0.024,"L",0.577,0.371,0.053,1.524,"H",0.1,0.229,0.671,0.43,"L",0.012,0.095,0.893,0.119,"L",0.003,0.034,0.963,0.04,"L",0.191,0.604,0.206,0.985,"M",0.001,0.028,0.971,0.03,"L",0.19,0.432,0.377,0.813,"M",0.026,0.158,0.815,0.211,"L",0.006,0.109,0.884,0.122,"L",0.094,0.348,0.558,0.536,"L"
"S271","s12-16",0.008,0.125,0.868,0.14,"L",0.443,0.476,0.081,1.363,"M",0.114,0.238,0.648,0.466,"L",0.003,0.05,0.947,0.0549999999999999,"L",0,0.014,0.986,0.014,"L",0.453,0.479,0.068,1.385,"M",0.003,0.042,0.955,0.048,"L",0.02,0.26,0.719,0.301,"L",0.092,0.241,0.667,0.425,"L",0.021,0.152,0.827,0.195,"L",0.077,0.236,0.687,0.39,"L"
"S277","s12-17",0,0.007,0.993,0.0069999999999999,"L",0.157,0.581,0.263,0.894,"M",0.098,0.228,0.674,0.424,"L",0.001,0.031,0.968,0.032,"L",0,0.014,0.985,0.0149999999999999,"L",0.099,0.659,0.242,0.856,"M",0.001,0.029,0.97,0.0309999999999999,"L",0.273,0.519,0.208,1.065,"M",0.032,0.214,0.753,0.279,"L",0.011,0.148,0.841,0.169,"L",0.005,0.1,0.895,0.11,"L"
"S298","s13-01",0.355,0.549,0.096,1.26,"M",0.94,0.056,0.004,1.936,"H",0.239,0.311,0.45,0.789,"L",0.558,0.322,0.121,1.437,"H",0.007,0.045,0.948,0.0589999999999999,"L",0.983,0.017,0,1.983,"H",0.139,0.35,0.511,0.627,"L",0.265,0.404,0.33,0.935,"M",0.132,0.329,0.539,0.593,"L",0.235,0.331,0.435,0.8,"L",0.231,0.36,0.408,0.823,"L"
"S308","s13-02",0,0,1,0,"L",0.153,0.583,0.264,0.888,"M",0.097,0.227,0.675,0.422,"L",0.021,0.173,0.806,0.216,"L",0,0.005,0.995,0.00499999999999989,"L",0.006,0.29,0.704,0.302,"L",0,0.01,0.99,0.01,"L",0.088,0.443,0.469,0.618,"L",0.003,0.075,0.922,0.081,"L",0.003,0.081,0.916,0.087,"L",0.007,0.116,0.877,0.129,"L"
"S299","s13-03",0.018,0.178,0.803,0.215,"L",0.285,0.5,0.215,1.07,"M",0.123,0.244,0.633,0.489,"L",0.064,0.228,0.708,0.356,"L",0.019,0.098,0.883,0.135,"L",0.463,0.489,0.048,1.414,"M",0.001,0.026,0.974,0.0269999999999999,"L",0.299,0.503,0.199,1.1,"M",0.002,0.06,0.937,0.0649999999999999,"L",0.032,0.169,0.799,0.233,"L",0.09,0.243,0.667,0.423,"L"
"S302","s13-04",0.116,0.683,0.201,0.914,"M",0.905,0.091,0.005,1.9,"H",0.205,0.296,0.5,0.705,"L",0.019,0.167,0.813,0.206,"L",0,0.007,0.993,0.0069999999999999,"L",0.769,0.216,0.015,1.755,"H",0.011,0.126,0.863,0.148,"L",0.281,0.514,0.205,1.076,"M",0.662,0.278,0.06,1.602,"H",0.012,0.114,0.874,0.138,"L",0.043,0.239,0.718,0.325,"L"
"S307","s13-05",0,0.005,0.995,0.00499999999999989,"L",0.156,0.581,0.263,0.893,"M",0.098,0.228,0.674,0.424,"L",0.001,0.031,0.969,0.032,"L",0.001,0.031,0.968,0.0329999999999999,"L",0.093,0.662,0.245,0.848,"M",0,0.013,0.987,0.0129999999999999,"L",0.089,0.443,0.468,0.621,"L",0.002,0.057,0.942,0.0600000000000001,"L",0.005,0.108,0.887,0.118,"L",0.018,0.186,0.796,0.222,"L"
"S291","s13-06",0,0.005,0.995,0.00499999999999989,"L",0.155,0.581,0.263,0.892,"M",0.098,0.228,0.675,0.423,"L",0.001,0.031,0.969,0.032,"L",0,0.005,0.995,0.00499999999999989,"L",0.065,0.622,0.313,0.752,"M",0,0.023,0.976,0.024,"L",0.091,0.443,0.466,0.625,"L",0.002,0.059,0.939,0.0629999999999999,"L",0.04,0.28,0.68,0.36,"L",0.005,0.103,0.892,0.113,"L"
"S297","s13-07",0.002,0.086,0.912,0.0900000000000001,"L",0.211,0.547,0.242,0.968,"M",0.108,0.234,0.657,0.451,"L",0.002,0.043,0.956,0.046,"L",0.074,0.173,0.753,0.321,"L",0.41,0.543,0.047,1.364,"M",0.012,0.103,0.885,0.127,"L",0.179,0.419,0.402,0.777,"M",0.021,0.177,0.803,0.218,"L",0.274,0.408,0.317,0.957,"M",0.017,0.171,0.812,0.205,"L"
"S296","s13-08",0.001,0.087,0.912,0.0880000000000001,"L",0.659,0.32,0.021,1.638,"H",0.108,0.234,0.658,0.45,"L",0.037,0.199,0.764,0.273,"L",0,0.012,0.988,0.0129999999999999,"L",0.404,0.55,0.046,1.358,"M",0,0.015,0.984,0.016,"L",0.02,0.26,0.72,0.299,"L",0.009,0.12,0.872,0.137,"L",0.009,0.135,0.856,0.152,"L",0.006,0.103,0.891,0.115,"L"
"S292","s13-09",0,0.003,0.997,0.00299999999999989,"L",0.154,0.582,0.264,0.891,"M",0.098,0.227,0.675,0.423,"L",0.001,0.03,0.969,0.032,"L",0,0.012,0.988,0.012,"L",0.252,0.656,0.092,1.16,"M",0.001,0.025,0.974,0.026,"L",0.02,0.259,0.721,0.299,"L",0.023,0.187,0.79,0.234,"L",0.007,0.133,0.86,0.146,"L",0.004,0.091,0.905,0.099,"L"
"S304","s13-10",0.006,0.222,0.772,0.233,"L",0.657,0.301,0.042,1.615,"H",0.126,0.246,0.629,0.497,"L",0.011,0.102,0.887,0.124,"L",0.001,0.019,0.98,0.0209999999999999,"L",0.768,0.222,0.01,1.758,"H",0.007,0.079,0.914,0.093,"L",0.193,0.432,0.375,0.817,"M",0.155,0.348,0.497,0.658,"L",0.015,0.139,0.847,0.168,"L",0.034,0.197,0.769,0.265,"L"
"S301","s13-11",0,0.03,0.97,0.03,"L",0.172,0.571,0.257,0.915,"M",0.101,0.23,0.669,0.432,"L",0.001,0.034,0.965,0.036,"L",0.001,0.022,0.978,0.0229999999999999,"L",0.138,0.663,0.199,0.939,"M",0,0.008,0.992,0.00800000000000001,"L",0.02,0.259,0.721,0.299,"L",0.067,0.286,0.647,0.42,"L",0.002,0.069,0.929,0.073,"L",0.005,0.103,0.892,0.114,"L"
"S305","s13-12",0.941,0.059,0,1.94,"H",0.999,0.001,0,1.999,"H",0.303,0.334,0.363,0.94,"L",0.794,0.188,0.018,1.777,"H",0.003,0.052,0.945,0.0580000000000001,"L",0.999,0.001,0,1.999,"H",0.217,0.459,0.324,0.893,"M",0.666,0.293,0.041,1.625,"H",0.677,0.266,0.057,1.621,"H",0.366,0.36,0.273,1.093,"H",0.828,0.151,0.021,1.807,"H"
"S294","s13-13",0.006,0.195,0.798,0.208,"L",0.286,0.5,0.214,1.072,"M",0.122,0.244,0.634,0.489,"L",0.003,0.059,0.938,0.0649999999999999,"L",0,0.012,0.987,0.0129999999999999,"L",0.465,0.495,0.041,1.424,"M",0.001,0.022,0.977,0.0229999999999999,"L",0.02,0.26,0.72,0.3,"L",0.011,0.132,0.857,0.155,"L",0.012,0.146,0.842,0.17,"L",0.01,0.124,0.865,0.145,"L"
"S295","s13-14",0,0.031,0.969,0.0309999999999999,"L",0.173,0.571,0.257,0.916,"M",0.101,0.23,0.669,0.432,"L",0.001,0.034,0.965,0.036,"L",0,0.011,0.988,0.012,"L",0.332,0.601,0.067,1.265,"M",0.002,0.04,0.958,0.0429999999999999,"L",0.279,0.515,0.206,1.073,"M",0.108,0.337,0.555,0.552,"L",0.037,0.252,0.71,0.327,"L",0.004,0.092,0.904,0.1,"L"
"S303","s13-15",0.036,0.336,0.627,0.409,"L",0.405,0.424,0.171,1.234,"M",0.146,0.259,0.595,0.55,"L",0.023,0.138,0.84,0.183,"L",0.001,0.019,0.98,0.022,"L",0.656,0.327,0.016,1.64,"H",0.005,0.067,0.928,0.0760000000000001,"L",0.192,0.432,0.376,0.816,"M",0.538,0.341,0.121,1.417,"H",0.006,0.084,0.91,0.0960000000000001,"L",0.078,0.279,0.643,0.435,"L"
"S306","s13-16",0.015,0.308,0.677,0.337,"L",0.74,0.245,0.016,1.724,"H",0.138,0.254,0.608,0.53,"L",0.016,0.123,0.861,0.155,"L",0.001,0.019,0.98,0.0209999999999999,"L",0.29,0.556,0.153,1.137,"M",0.002,0.045,0.953,0.0489999999999999,"L",0.192,0.432,0.376,0.815,"M",0.049,0.251,0.7,0.349,"L",0.007,0.095,0.898,0.109,"L",0.019,0.163,0.817,0.202,"L"
"S300","s13-17",0,0.002,0.998,0.002,"L",0.154,0.583,0.264,0.89,"M",0.098,0.227,0.675,0.422,"L",0.001,0.03,0.969,0.0309999999999999,"L",0,0.012,0.988,0.012,"L",0.103,0.662,0.235,0.868,"M",0,0.012,0.988,0.012,"L",0.02,0.26,0.721,0.299,"L",0.067,0.287,0.646,0.421,"L",0.008,0.144,0.848,0.16,"L",0.005,0.099,0.897,0.108,"L"
"S293","s13-18",0,0.028,0.972,0.028,"L",0.171,0.572,0.257,0.914,"M",0.101,0.229,0.67,0.431,"L",0.001,0.034,0.965,0.036,"L",0,0.005,0.995,0.00499999999999989,"L",0.158,0.677,0.165,0.993,"M",0.001,0.032,0.967,0.034,"L",0.02,0.259,0.721,0.299,"L",0.005,0.09,0.906,0.099,"L",0.008,0.142,0.849,0.159,"L",0.005,0.102,0.893,0.112,"L"
"S316","s14-01",0.044,0.368,0.588,0.456,"L",0.732,0.236,0.032,1.7,"H",0.151,0.262,0.587,0.565,"L",0.073,0.194,0.733,0.34,"L",0.003,0.024,0.973,0.03,"L",0.828,0.163,0.009,1.819,"H",0.052,0.176,0.773,0.279,"L",0.204,0.427,0.368,0.836,"M",0.28,0.373,0.347,0.932,"M",0.046,0.173,0.781,0.265,"L",0.067,0.243,0.69,0.376,"L"
"S319","s14-02",0.002,0.062,0.937,0.0649999999999999,"L",0.194,0.557,0.249,0.946,"M",0.105,0.232,0.662,0.443,"L",0.007,0.092,0.901,0.106,"L",0.002,0.03,0.968,0.0329999999999999,"L",0.377,0.57,0.052,1.325,"M",0.01,0.095,0.895,0.115,"L",0.279,0.515,0.206,1.073,"M",0.009,0.122,0.869,0.14,"L",0.023,0.193,0.784,0.238,"L",0.089,0.335,0.576,0.512,"L"
"S317","s14-03",0,0.054,0.946,0.0549999999999999,"L",0.648,0.331,0.022,1.626,"H",0.104,0.232,0.664,0.44,"L",0.001,0.038,0.961,0.04,"L",0,0.012,0.987,0.0129999999999999,"L",0.256,0.641,0.103,1.153,"M",0,0.008,0.992,0.00800000000000001,"L",0.088,0.443,0.469,0.619,"L",0.056,0.268,0.675,0.381,"L",0.002,0.066,0.932,0.0700000000000001,"L",0.032,0.227,0.741,0.291,"L"
"S318","s14-04",0,0.007,0.993,0.0069999999999999,"L",0.374,0.534,0.092,1.282,"M",0.098,0.228,0.674,0.424,"L",0.004,0.077,0.919,0.085,"L",0.001,0.025,0.975,0.026,"L",0.028,0.493,0.479,0.549,"M",0,0.015,0.985,0.0149999999999999,"L",0.02,0.26,0.721,0.299,"L",0.003,0.067,0.931,0.0720000000000001,"L",0.005,0.117,0.878,0.127,"L",0.022,0.199,0.779,0.243,"L"
"S320","s14-05",0.028,0.24,0.732,0.296,"L",0.52,0.412,0.068,1.452,"H",0.132,0.25,0.618,0.515,"L",0.08,0.248,0.671,0.409,"L",0,0.006,0.994,0.00600000000000001,"L",0.544,0.42,0.036,1.507,"H",0.025,0.135,0.841,0.184,"L",0.274,0.518,0.208,1.066,"M",0.169,0.368,0.463,0.706,"L",0.006,0.085,0.908,0.0980000000000001,"L",0.121,0.259,0.62,0.501,"L"
"S315","s14-06",0,0.055,0.945,0.0549999999999999,"L",0.4,0.512,0.088,1.312,"M",0.104,0.232,0.664,0.44,"L",0.006,0.089,0.905,0.102,"L",0,0.005,0.995,0.00499999999999989,"L",0.511,0.465,0.025,1.486,"H",0.001,0.028,0.972,0.0289999999999999,"L",0.088,0.443,0.468,0.62,"L",0.019,0.169,0.813,0.206,"L",0.007,0.127,0.866,0.142,"L",0.005,0.093,0.902,0.102,"L"
"S334","s15-01",0.001,0.135,0.863,0.138,"L",0.676,0.304,0.02,1.656,"H",0.114,0.238,0.648,0.467,"L",0.011,0.11,0.879,0.132,"L",0,0.013,0.987,0.0129999999999999,"L",0.651,0.337,0.012,1.639,"H",0.006,0.07,0.924,0.081,"L",0.089,0.443,0.467,0.622,"L",0.047,0.247,0.706,0.341,"L",0.009,0.128,0.863,0.146,"L",0.006,0.103,0.89,0.116,"L"
"S324","s15-02",0,0.024,0.976,0.024,"L",0.638,0.34,0.022,1.615,"H",0.1,0.229,0.671,0.43,"L",0.001,0.033,0.966,0.0349999999999999,"L",0,0.01,0.99,0.01,"L",0.481,0.491,0.028,1.453,"M",0.001,0.038,0.961,0.0409999999999999,"L",0.02,0.26,0.72,0.3,"L",0.017,0.164,0.818,0.199,"L",0.014,0.183,0.803,0.212,"L",0.014,0.162,0.824,0.19,"L"
"S325","s15-03",0.894,0.104,0.001,1.893,"H",0.996,0.004,0,1.996,"H",0.299,0.333,0.368,0.931,"L",0.561,0.352,0.088,1.473,"H",0.003,0.044,0.953,0.05,"L",0.999,0.001,0,1.999,"H",0.232,0.456,0.312,0.92,"M",0.045,0.281,0.674,0.371,"L",0.867,0.123,0.01,1.858,"H",0.356,0.395,0.248,1.108,"M",0.603,0.317,0.08,1.523,"H"
"S328","s15-04",0.373,0.566,0.061,1.312,"M",0.983,0.017,0,1.982,"H",0.245,0.314,0.441,0.804,"L",0.34,0.401,0.259,1.08,"M",0.029,0.158,0.814,0.215,"L",0.973,0.027,0,1.973,"H",0.05,0.261,0.689,0.361,"L",0.701,0.263,0.036,1.665,"H",0.566,0.329,0.105,1.461,"H",0.527,0.3,0.173,1.354,"H",0.074,0.289,0.637,0.437,"L"
"S327","s15-05",0,0.004,0.996,0.00499999999999989,"L",0.155,0.581,0.263,0.892,"M",0.098,0.228,0.675,0.423,"L",0.001,0.031,0.969,0.032,"L",0.002,0.031,0.967,0.0349999999999999,"L",0.345,0.6,0.055,1.291,"M",0,0.017,0.983,0.0169999999999999,"L",0.064,0.372,0.564,0.5,"L",0.007,0.111,0.881,0.126,"L",0.016,0.191,0.793,0.224,"L",0.014,0.164,0.822,0.192,"L"
"S323","s15-06",0.821,0.174,0.005,1.815,"H",0.991,0.008,0,1.991,"H",0.292,0.331,0.378,0.914,"L",0.53,0.36,0.11,1.42,"H",0.002,0.045,0.953,0.05,"L",0.991,0.009,0,1.991,"H",0.477,0.392,0.13,1.347,"H",0.406,0.437,0.157,1.249,"M",0.509,0.356,0.136,1.373,"H",0.404,0.358,0.237,1.167,"H",0.281,0.422,0.297,0.985,"M"
"S336","s15-07",0,0.004,0.996,0.004,"L",0.155,0.582,0.263,0.892,"M",0.098,0.227,0.675,0.423,"L",0.001,0.031,0.969,0.032,"L",0,0.013,0.987,0.0129999999999999,"L",0.081,0.65,0.269,0.813,"M",0,0.014,0.986,0.014,"L",0.089,0.443,0.468,0.621,"L",0.002,0.058,0.94,0.0620000000000001,"L",0.009,0.148,0.842,0.167,"L",0.005,0.102,0.893,0.112,"L"
"S333","s15-08",0.241,0.668,0.09,1.151,"M",0.976,0.023,0,1.976,"H",0.23,0.308,0.462,0.767,"L",0.032,0.213,0.755,0.278,"L",0.001,0.021,0.978,0.0229999999999999,"L",0.987,0.013,0,1.987,"H",0.106,0.33,0.564,0.543,"L",0.3,0.502,0.198,1.102,"M",0.519,0.354,0.127,1.392,"H",0.05,0.211,0.74,0.31,"L",0.427,0.392,0.181,1.246,"H"
"S332","s15-09",0.003,0.143,0.854,0.15,"L",0.25,0.523,0.228,1.022,"M",0.115,0.239,0.645,0.47,"L",0.002,0.051,0.947,0.0549999999999999,"L",0.001,0.031,0.968,0.0329999999999999,"L",0.692,0.3,0.008,1.684,"H",0.001,0.035,0.963,0.038,"L",0.02,0.26,0.72,0.301,"L",0.019,0.167,0.814,0.205,"L",0.009,0.127,0.864,0.144,"L",0.037,0.224,0.739,0.298,"L"
"S331","s15-10",0,0.001,0.999,0.00099999999999989,"L",0.37,0.537,0.093,1.278,"M",0.097,0.227,0.675,0.422,"L",0.001,0.03,0.969,0.0309999999999999,"L",0,0.012,0.988,0.012,"L",0.017,0.427,0.556,0.461,"L",0,0.009,0.991,0.0089999999999999,"L",0.019,0.259,0.721,0.298,"L",0.003,0.069,0.928,0.0740000000000001,"L",0.002,0.077,0.921,0.081,"L",0.037,0.25,0.712,0.325,"L"
"S329","s15-11",0.005,0.13,0.865,0.139,"L",0.675,0.305,0.02,1.655,"H",0.114,0.238,0.648,0.467,"L",0.047,0.212,0.741,0.306,"L",0,0.013,0.987,0.0129999999999999,"L",0.21,0.63,0.16,1.049,"M",0.017,0.12,0.863,0.153,"L",0.28,0.515,0.206,1.074,"M",0.078,0.301,0.621,0.457,"L",0.032,0.217,0.752,0.28,"L",0.028,0.205,0.767,0.262,"L"
"S326","s15-12",0.062,0.457,0.481,0.582,"L",0.775,0.199,0.026,1.749,"H",0.166,0.271,0.563,0.603,"L",0.092,0.222,0.686,0.407,"L",0.003,0.027,0.969,0.034,"L",0.801,0.185,0.013,1.788,"H",0.012,0.111,0.878,0.134,"L",0.216,0.423,0.361,0.855,"M",0.081,0.253,0.666,0.416,"L",0.088,0.25,0.661,0.427,"L",0.08,0.271,0.649,0.431,"L"
"S338","s15-13",0.008,0.176,0.816,0.192,"L",0.275,0.507,0.218,1.057,"M",0.12,0.242,0.637,0.483,"L",0.015,0.123,0.862,0.152,"L",0.001,0.015,0.984,0.0169999999999999,"L",0.73,0.264,0.006,1.724,"H",0.004,0.062,0.934,0.0700000000000001,"L",0.285,0.511,0.203,1.082,"M",0.02,0.17,0.81,0.21,"L",0.051,0.247,0.702,0.349,"L",0.008,0.11,0.881,0.127,"L"
"S335","s15-14",0.164,0.587,0.249,0.915,"M",0.89,0.104,0.006,1.884,"H",0.203,0.293,0.504,0.7,"L",0.085,0.289,0.626,0.458,"L",0.01,0.074,0.916,0.0940000000000001,"L",0.892,0.106,0.002,1.889,"H",0.106,0.309,0.584,0.522,"L",0.357,0.466,0.177,1.181,"M",0.183,0.38,0.437,0.746,"L",0.237,0.341,0.422,0.815,"L",0.097,0.313,0.59,0.507,"L"
"S337","s15-15",0.001,0.043,0.957,0.044,"L",0.181,0.565,0.253,0.928,"M",0.103,0.231,0.667,0.436,"L",0.006,0.086,0.908,0.0980000000000001,"L",0,0.014,0.986,0.014,"L",0.139,0.664,0.197,0.942,"M",0.003,0.055,0.942,0.0609999999999999,"L",0.092,0.443,0.465,0.628,"L",0.005,0.093,0.902,0.103,"L",0.041,0.272,0.686,0.355,"L",0.006,0.105,0.889,0.116,"L"
"S330","s15-16",0.005,0.156,0.84,0.165,"L",0.259,0.517,0.224,1.034,"M",0.117,0.24,0.642,0.475,"L",0.013,0.117,0.871,0.142,"L",0.001,0.032,0.966,0.0349999999999999,"L",0.769,0.226,0.004,1.765,"H",0.001,0.034,0.964,0.0369999999999999,"L",0.089,0.443,0.468,0.622,"L",0.444,0.382,0.174,1.269,"H",0.002,0.059,0.939,0.0629999999999999,"L",0.035,0.216,0.75,0.285,"L"
"S091","s02-01",0,0.014,0.986,0.014,"L",0.161,0.578,0.261,0.9,"M",0.099,0.228,0.673,0.426,"L",0.001,0.032,0.967,0.0329999999999999,"L",0.014,0.087,0.899,0.115,"L",0.6,0.385,0.015,1.586,"H",0.001,0.033,0.966,0.0349999999999999,"L",0.293,0.506,0.201,1.093,"M",0.077,0.303,0.62,0.457,"L",0.039,0.235,0.725,0.314,"L",0.003,0.08,0.917,0.0860000000000001,"L"
"S075","s02-02",0.322,0.537,0.141,1.181,"M",0.931,0.065,0.003,1.928,"H",0.231,0.306,0.463,0.767,"L",0.305,0.384,0.311,0.994,"M",0.019,0.1,0.88,0.139,"L",0.893,0.104,0.003,1.89,"H",0.183,0.372,0.444,0.739,"L",0.164,0.428,0.408,0.756,"M",0.034,0.212,0.754,0.28,"L",0.268,0.358,0.375,0.893,"L",0.374,0.389,0.237,1.136,"M"
"S074","s02-03",0,0.022,0.978,0.022,"L",0.167,0.574,0.259,0.908,"M",0.1,0.229,0.671,0.429,"L",0.001,0.033,0.966,0.0349999999999999,"L",0,0.011,0.989,0.012,"L",0.764,0.232,0.004,1.76,"H",0.002,0.05,0.947,0.0549999999999999,"L",0.021,0.261,0.717,0.304,"L",0.063,0.283,0.654,0.41,"L",0.081,0.363,0.556,0.525,"L",0.003,0.076,0.921,0.0820000000000001,"L"
"S088","s02-04",0,0.017,0.983,0.0169999999999999,"L",0.635,0.342,0.022,1.613,"H",0.099,0.229,0.672,0.427,"L",0.001,0.032,0.967,0.034,"L",0,0.005,0.995,0.00499999999999989,"L",0.494,0.48,0.026,1.469,"H",0.001,0.024,0.976,0.0249999999999999,"L",0.272,0.52,0.209,1.063,"M",0.017,0.163,0.82,0.198,"L",0.007,0.125,0.867,0.14,"L",0.004,0.086,0.91,0.093,"L"
"S082","s02-05",0,0.041,0.959,0.0409999999999999,"L",0.643,0.335,0.022,1.621,"H",0.102,0.231,0.667,0.435,"L",0.001,0.036,0.963,0.038,"L",0,0.012,0.988,0.012,"L",0.273,0.638,0.089,1.184,"M",0.001,0.029,0.97,0.0309999999999999,"L",0.02,0.26,0.721,0.299,"L",0.025,0.192,0.783,0.241,"L",0.008,0.136,0.856,0.152,"L",0.005,0.098,0.897,0.108,"L"
"S083","s02-06",0,0.024,0.976,0.024,"L",0.168,0.573,0.258,0.91,"M",0.1,0.229,0.671,0.43,"L",0.001,0.033,0.966,0.0349999999999999,"L",0,0.013,0.987,0.0129999999999999,"L",0.117,0.663,0.22,0.897,"M",0.002,0.042,0.956,0.046,"L",0.088,0.443,0.469,0.619,"L",0.014,0.15,0.835,0.179,"L",0.002,0.07,0.928,0.0740000000000001,"L",0.005,0.104,0.891,0.114,"L"
"S086","s02-07",0.553,0.425,0.022,1.532,"H",0.979,0.02,0.001,1.978,"H",0.266,0.322,0.412,0.854,"L",0.653,0.28,0.067,1.586,"H",0.001,0.026,0.972,0.0289999999999999,"L",0.992,0.008,0,1.992,"H",0.159,0.395,0.446,0.712,"L",0.134,0.437,0.428,0.706,"M",0.214,0.39,0.396,0.818,"L",0.223,0.362,0.415,0.807,"L",0.114,0.342,0.544,0.57,"L"
"S087","s02-08",0,0.072,0.927,0.073,"L",0.654,0.325,0.021,1.633,"H",0.106,0.233,0.661,0.446,"L",0.001,0.04,0.959,0.0429999999999999,"L",0.001,0.03,0.968,0.0329999999999999,"L",0.327,0.604,0.069,1.258,"M",0.001,0.038,0.961,0.04,"L",0.024,0.263,0.713,0.311,"L",0.009,0.121,0.87,0.139,"L",0.121,0.397,0.482,0.639,"L",0.005,0.099,0.895,0.11,"L"
"S080","s02-09",0,0.001,0.999,0.00099999999999989,"L",0.153,0.583,0.264,0.889,"M",0.098,0.227,0.675,0.422,"L",0.001,0.03,0.969,0.0309999999999999,"L",0,0.005,0.995,0.00499999999999989,"L",0.115,0.674,0.21,0.905,"M",0,0.017,0.983,0.0169999999999999,"L",0.27,0.521,0.209,1.061,"M",0.031,0.21,0.759,0.271,"L",0.002,0.069,0.929,0.073,"L",0.005,0.099,0.897,0.108,"L"
"S078","s02-10",0,0.053,0.947,0.054,"L",0.399,0.513,0.088,1.311,"M",0.104,0.232,0.665,0.439,"L",0.001,0.037,0.962,0.04,"L",0,0.005,0.995,0.00499999999999989,"L",0.517,0.46,0.023,1.494,"H",0.001,0.028,0.971,0.03,"L",0.088,0.443,0.468,0.62,"L",0.003,0.069,0.928,0.075,"L",0.007,0.126,0.867,0.14,"L",0.027,0.211,0.762,0.265,"L"
"S085","s02-12",0.005,0.195,0.801,0.204,"L",0.48,0.445,0.075,1.406,"H",0.122,0.244,0.634,0.488,"L",0.003,0.058,0.939,0.0640000000000001,"L",0.004,0.063,0.933,0.0720000000000001,"L",0.778,0.217,0.004,1.774,"H",0.003,0.053,0.944,0.0589999999999999,"L",0.022,0.261,0.716,0.306,"L",0.09,0.313,0.597,0.493,"L",0.022,0.184,0.794,0.227,"L",0.105,0.333,0.563,0.542,"L"
"S084","s02-13",0,0.074,0.925,0.075,"L",0.655,0.324,0.021,1.634,"H",0.106,0.233,0.66,0.446,"L",0.001,0.04,0.958,0.0429999999999999,"L",0.006,0.07,0.925,0.081,"L",0.887,0.112,0.001,1.887,"H",0.007,0.08,0.912,0.095,"L",0.022,0.261,0.716,0.306,"L",0.029,0.206,0.765,0.264,"L",0.025,0.215,0.76,0.265,"L",0.023,0.192,0.785,0.238,"L"
"S076","s02-14",0.724,0.266,0.01,1.714,"H",0.988,0.011,0,1.988,"H",0.282,0.328,0.39,0.893,"L",0.716,0.24,0.044,1.672,"H",0.002,0.048,0.95,0.0529999999999999,"L",0.998,0.002,0,1.998,"H",0.48,0.383,0.137,1.344,"H",0.421,0.428,0.151,1.27,"M",0.345,0.398,0.257,1.088,"M",0.492,0.331,0.177,1.315,"H",0.346,0.408,0.247,1.099,"M"
"S081","s02-15",0.002,0.102,0.896,0.106,"L",0.221,0.54,0.238,0.983,"M",0.11,0.236,0.654,0.456,"L",0.002,0.045,0.953,0.048,"L",0,0.013,0.986,0.014,"L",0.523,0.453,0.024,1.498,"H",0.003,0.049,0.948,0.054,"L",0.091,0.443,0.466,0.624,"L",0.007,0.108,0.885,0.122,"L",0.019,0.185,0.796,0.223,"L",0.019,0.171,0.811,0.208,"L"
"S077","s02-16",0.001,0.137,0.862,0.139,"L",0.676,0.304,0.02,1.657,"H",0.114,0.239,0.647,0.467,"L",0.011,0.11,0.879,0.132,"L",0,0.005,0.995,0.00499999999999989,"L",0.76,0.236,0.004,1.755,"H",0.001,0.035,0.964,0.038,"L",0.02,0.26,0.721,0.299,"L",0.003,0.067,0.931,0.0720000000000001,"L",0.008,0.123,0.869,0.139,"L",0.035,0.22,0.746,0.289,"L"
"S089","s02-17",0,0.002,0.998,0.002,"L",0.154,0.582,0.264,0.89,"M",0.098,0.227,0.675,0.423,"L",0.002,0.054,0.944,0.0580000000000001,"L",0.001,0.017,0.983,0.018,"L",0.178,0.686,0.136,1.043,"M",0,0.011,0.989,0.0109999999999999,"L",0.188,0.433,0.379,0.809,"M",0.003,0.076,0.921,0.0820000000000001,"L",0.004,0.101,0.895,0.109,"L",0.016,0.17,0.814,0.202,"L"
"S090","s02-18",0,0.006,0.994,0.00600000000000001,"L",0.156,0.581,0.263,0.894,"M",0.098,0.228,0.674,0.424,"L",0.001,0.031,0.968,0.032,"L",0,0.013,0.987,0.0129999999999999,"L",0.118,0.673,0.209,0.908,"M",0,0.017,0.983,0.0169999999999999,"L",0.088,0.443,0.469,0.619,"L",0.031,0.211,0.758,0.272,"L",0.002,0.069,0.93,0.0720000000000001,"L",0.005,0.099,0.896,0.109,"L"
"S079","s02-19",0.037,0.293,0.67,0.367,"L",0.376,0.442,0.182,1.195,"M",0.141,0.255,0.604,0.537,"L",0.237,0.345,0.417,0.82,"L",0.001,0.017,0.983,0.018,"L",0.524,0.438,0.038,1.486,"H",0.016,0.119,0.865,0.151,"L",0.282,0.514,0.205,1.077,"M",0.082,0.3,0.618,0.464,"L",0.023,0.162,0.814,0.209,"L",0.018,0.15,0.832,0.186,"L"
"S113","s03-01",0.665,0.319,0.016,1.65,"H",0.985,0.015,0,1.984,"H",0.277,0.326,0.398,0.879,"L",0.694,0.254,0.053,1.641,"H",0.018,0.128,0.853,0.165,"L",0.996,0.004,0,1.996,"H",0.273,0.424,0.303,0.971,"M",0.476,0.392,0.132,1.344,"H",0.816,0.165,0.019,1.797,"H",0.628,0.271,0.101,1.527,"H",0.484,0.364,0.152,1.332,"H"
"S101","s03-02",0,0.054,0.945,0.0549999999999999,"L",0.188,0.561,0.251,0.938,"M",0.104,0.232,0.664,0.44,"L",0.001,0.038,0.961,0.04,"L",0,0.005,0.995,0.00499999999999989,"L",0.387,0.565,0.048,1.339,"M",0,0.013,0.986,0.014,"L",0.02,0.259,0.721,0.299,"L",0.008,0.116,0.876,0.133,"L",0.008,0.132,0.86,0.148,"L",0.005,0.097,0.898,0.107,"L"
"S099","s03-03",0.016,0.419,0.565,0.452,"L",0.778,0.209,0.013,1.765,"H",0.152,0.263,0.585,0.567,"L",0.006,0.093,0.9,0.106,"L",0.001,0.032,0.967,0.034,"L",0.528,0.426,0.045,1.483,"H",0.002,0.047,0.951,0.0509999999999999,"L",0.02,0.26,0.719,0.301,"L",0.043,0.241,0.717,0.326,"L",0.005,0.085,0.911,0.0940000000000001,"L",0.019,0.17,0.811,0.208,"L"
"S111","s03-04",0,0.019,0.981,0.0189999999999999,"L",0.636,0.342,0.022,1.613,"H",0.1,0.229,0.672,0.428,"L",0.001,0.033,0.967,0.034,"L",0.006,0.072,0.921,0.085,"L",0.504,0.473,0.024,1.48,"H",0.003,0.053,0.944,0.0580000000000001,"L",0.092,0.443,0.465,0.627,"L",0.007,0.11,0.883,0.124,"L",0.007,0.124,0.868,0.139,"L",0.004,0.086,0.91,0.093,"L"
"S114","s03-05",0.057,0.616,0.327,0.73,"M",0.86,0.132,0.008,1.852,"H",0.184,0.284,0.532,0.652,"L",0.013,0.136,0.852,0.161,"L",0,0.007,0.993,0.0069999999999999,"L",0.903,0.095,0.001,1.902,"H",0.062,0.252,0.685,0.377,"L",0.285,0.512,0.203,1.082,"M",0.432,0.384,0.183,1.249,"H",0.029,0.175,0.796,0.234,"L",0.026,0.196,0.777,0.249,"L"
"S102","s03-06",0.496,0.481,0.023,1.473,"H",0.99,0.01,0,1.99,"H",0.261,0.32,0.419,0.842,"L",0.396,0.396,0.207,1.189,"M",0,0.012,0.988,0.012,"L",0.981,0.019,0,1.981,"H",0.059,0.289,0.652,0.407,"L",0.316,0.493,0.191,1.125,"M",0.747,0.219,0.035,1.712,"H",0.094,0.273,0.633,0.462,"L",0.107,0.33,0.563,0.545,"L"
"S098","s03-07",0,0.004,0.996,0.004,"L",0.372,0.536,0.092,1.28,"M",0.098,0.228,0.675,0.423,"L",0.001,0.031,0.969,0.032,"L",0.002,0.038,0.96,0.0429999999999999,"L",0.029,0.505,0.466,0.562,"M",0,0.009,0.991,0.0089999999999999,"L",0.545,0.394,0.06,1.485,"H",0.003,0.066,0.931,0.071,"L",0.004,0.081,0.916,0.0880000000000001,"L",0.006,0.109,0.885,0.121,"L"
"S100","s03-08",0,0.015,0.985,0.0149999999999999,"L",0.162,0.577,0.261,0.902,"M",0.099,0.228,0.672,0.427,"L",0.001,0.032,0.967,0.034,"L",0,0.011,0.989,0.012,"L",0.19,0.668,0.141,1.049,"M",0.001,0.025,0.974,0.026,"L",0.089,0.443,0.468,0.621,"L",0.128,0.355,0.517,0.61,"L",0.008,0.138,0.854,0.154,"L",0.004,0.095,0.9,0.104,"L"
"S106","s03-09",0.13,0.666,0.204,0.926,"M",0.915,0.08,0.005,1.91,"H",0.206,0.296,0.499,0.707,"L",0.021,0.17,0.809,0.212,"L",0.001,0.026,0.973,0.028,"L",0.965,0.035,0,1.965,"H",0.08,0.288,0.632,0.449,"L",0.569,0.375,0.056,1.513,"H",0.469,0.372,0.159,1.311,"H",0.049,0.199,0.752,0.297,"L",0.142,0.365,0.492,0.65,"L"
"S103","s03-10",0.721,0.268,0.011,1.71,"H",0.985,0.014,0.001,1.984,"H",0.282,0.328,0.39,0.892,"L",0.715,0.24,0.045,1.67,"H",0.063,0.182,0.756,0.307,"L",0.978,0.021,0.001,1.977,"H",0.039,0.267,0.694,0.345,"L",0.448,0.407,0.146,1.302,"H",0.659,0.27,0.072,1.587,"H",0.291,0.344,0.365,0.927,"L",0.294,0.411,0.295,0.999,"M"
"S110","s03-11",0.935,0.064,0.001,1.934,"H",0.997,0.003,0,1.997,"H",0.302,0.334,0.363,0.939,"L",0.792,0.189,0.018,1.774,"H",0.001,0.032,0.968,0.0329999999999999,"L",1,0,0,2,"H",0.242,0.464,0.295,0.947,"M",0.686,0.276,0.037,1.649,"H",0.696,0.255,0.049,1.647,"H",0.501,0.332,0.167,1.334,"H",0.618,0.312,0.071,1.547,"H"
"S107","s03-12",0,0.007,0.993,0.0069999999999999,"L",0.373,0.535,0.092,1.281,"M",0.098,0.228,0.674,0.424,"L",0.001,0.031,0.968,0.032,"L",0,0.015,0.985,0.0149999999999999,"L",0.059,0.608,0.332,0.727,"M",0,0.019,0.98,0.02,"L",0.02,0.259,0.721,0.298,"L",0.006,0.101,0.893,0.113,"L",0.002,0.072,0.926,0.0760000000000001,"L",0.005,0.105,0.889,0.116,"L"
"S109","s03-13",0.426,0.511,0.063,1.362,"M",0.961,0.037,0.002,1.959,"H",0.249,0.315,0.435,0.814,"L",0.594,0.307,0.099,1.495,"H",0.002,0.035,0.963,0.0389999999999999,"L",0.897,0.098,0.005,1.893,"H",0.04,0.248,0.712,0.328,"L",0.03,0.268,0.702,0.328,"L",0.186,0.381,0.433,0.754,"L",0.118,0.319,0.563,0.555,"L",0.204,0.384,0.412,0.792,"L"
"S112","s03-14",0.383,0.554,0.063,1.321,"M",0.952,0.044,0.004,1.948,"H",0.246,0.314,0.44,0.805,"L",0.527,0.331,0.142,1.386,"H",0.005,0.038,0.957,0.048,"L",0.981,0.019,0,1.98,"H",0.089,0.318,0.593,0.496,"L",0.258,0.408,0.335,0.923,"M",0.7,0.25,0.05,1.65,"H",0.206,0.34,0.454,0.751,"L",0.081,0.296,0.623,0.458,"L"
"S105","s03-15",0.002,0.165,0.833,0.168,"L",0.686,0.295,0.019,1.667,"H",0.118,0.241,0.641,0.476,"L",0.002,0.053,0.944,0.0580000000000001,"L",0.001,0.032,0.967,0.034,"L",0.446,0.512,0.042,1.403,"M",0,0.02,0.98,0.02,"L",0.02,0.26,0.719,0.301,"L",0.01,0.128,0.862,0.148,"L",0.011,0.142,0.847,0.164,"L",0.008,0.117,0.874,0.134,"L"
"S104","s03-16",0,0.001,0.999,0.00099999999999989,"L",0.153,0.583,0.264,0.889,"M",0.097,0.227,0.675,0.422,"L",0.001,0.03,0.969,0.0309999999999999,"L",0,0.012,0.988,0.012,"L",0.064,0.623,0.312,0.752,"M",0,0.008,0.992,0.00800000000000001,"L",0.019,0.259,0.721,0.298,"L",0.014,0.147,0.839,0.175,"L",0.002,0.071,0.927,0.075,"L",0.005,0.103,0.892,0.113,"L"
"S108","s03-17",0.737,0.252,0.011,1.726,"H",0.988,0.011,0,1.988,"H",0.284,0.328,0.388,0.895,"L",0.72,0.237,0.043,1.677,"H",0.001,0.02,0.98,0.0209999999999999,"L",0.992,0.008,0,1.992,"H",0.191,0.422,0.387,0.804,"M",0.135,0.438,0.427,0.708,"M",0.611,0.301,0.088,1.523,"H",0.223,0.367,0.41,0.813,"L",0.754,0.196,0.05,1.703,"H"
"S097","s03-18",0.293,0.629,0.078,1.215,"M",0.952,0.046,0.002,1.95,"H",0.236,0.31,0.454,0.782,"L",0.037,0.227,0.735,0.302,"L",0.005,0.053,0.942,0.0629999999999999,"L",0.971,0.029,0,1.97,"H",0.244,0.399,0.357,0.887,"M",0.129,0.437,0.434,0.694,"M",0.25,0.402,0.348,0.901,"M",0.153,0.326,0.521,0.632,"L",0.066,0.279,0.655,0.411,"L"
"S129","s04-01",0.897,0.102,0.001,1.896,"H",0.996,0.003,0,1.996,"H",0.299,0.333,0.368,0.931,"L",0.779,0.199,0.022,1.757,"H",0.003,0.048,0.949,0.0529999999999999,"L",1,0,0,2,"H",0.166,0.439,0.396,0.77,"M",0.393,0.445,0.162,1.231,"M",0.586,0.321,0.093,1.492,"H",0.325,0.373,0.302,1.022,"M",0.705,0.251,0.044,1.661,"H"
"S128","s04-02",0.107,0.562,0.331,0.776,"M",0.86,0.132,0.008,1.852,"H",0.188,0.285,0.527,0.661,"L",0.184,0.356,0.46,0.724,"L",0.002,0.035,0.963,0.0389999999999999,"L",0.828,0.167,0.005,1.822,"H",0.015,0.138,0.848,0.167,"L",0.107,0.441,0.453,0.654,"L",0.193,0.384,0.423,0.77,"L",0.072,0.257,0.672,0.4,"L",0.093,0.309,0.598,0.496,"L"
"S120","s04-03",0.097,0.634,0.269,0.829,"M",0.881,0.112,0.006,1.875,"H",0.195,0.29,0.515,0.68,"L",0.066,0.274,0.66,0.406,"L",0.002,0.038,0.959,0.0429999999999999,"L",0.916,0.082,0.001,1.915,"H",0.075,0.273,0.652,0.423,"L",0.101,0.442,0.458,0.643,"L",0.457,0.376,0.167,1.29,"H",0.031,0.182,0.787,0.244,"L",0.034,0.213,0.753,0.281,"L"
"S136","s04-04",0.923,0.076,0.001,1.922,"H",0.997,0.003,0,1.997,"H",0.301,0.334,0.365,0.937,"L",0.788,0.192,0.019,1.769,"H",0.01,0.08,0.91,0.1,"L",1,0,0,2,"H",0.216,0.455,0.329,0.886,"M",0.184,0.427,0.389,0.795,"M",0.86,0.129,0.011,1.85,"H",0.386,0.376,0.238,1.148,"H",0.574,0.331,0.095,1.478,"H"
"S122","s04-05",0.505,0.462,0.033,1.473,"H",0.974,0.025,0.001,1.973,"H",0.26,0.32,0.42,0.84,"L",0.633,0.291,0.077,1.556,"H",0.001,0.024,0.975,0.026,"L",0.99,0.01,0,1.99,"H",0.061,0.295,0.644,0.417,"L",0.318,0.491,0.191,1.127,"M",0.478,0.365,0.157,1.322,"H",0.087,0.265,0.648,0.439,"L",0.557,0.331,0.112,1.445,"H"
"S124","s04-06",0.025,0.514,0.462,0.563,"M",0.912,0.086,0.002,1.91,"H",0.165,0.272,0.563,0.602,"L",0.037,0.215,0.748,0.289,"L",0.001,0.017,0.982,0.018,"L",0.922,0.077,0.001,1.921,"H",0.011,0.118,0.871,0.14,"L",0.102,0.442,0.456,0.646,"L",0.033,0.215,0.752,0.281,"L",0.08,0.281,0.639,0.441,"L",0.02,0.173,0.808,0.212,"L"
"S127","s04-07",0.034,0.526,0.44,0.594,"M",0.821,0.169,0.01,1.811,"H",0.169,0.274,0.558,0.611,"L",0.009,0.115,0.876,0.133,"L",0.001,0.026,0.972,0.0289999999999999,"L",0.904,0.095,0.001,1.903,"H",0.079,0.258,0.663,0.416,"L",0.576,0.369,0.055,1.52,"H",0.664,0.274,0.062,1.602,"H",0.1,0.272,0.628,0.471,"L",0.018,0.164,0.818,0.2,"L"
"S126","s04-08",0,0.012,0.988,0.012,"L",0.16,0.579,0.261,0.899,"M",0.099,0.228,0.673,0.426,"L",0.001,0.032,0.968,0.0329999999999999,"L",0,0.005,0.995,0.00499999999999989,"L",0.292,0.633,0.075,1.217,"M",0,0.015,0.985,0.016,"L",0.019,0.259,0.721,0.298,"L",0.023,0.185,0.793,0.23,"L",0.001,0.062,0.936,0.0649999999999999,"L",0.004,0.092,0.904,0.1,"L"
"S134","s04-09",0.011,0.284,0.704,0.307,"L",0.534,0.4,0.066,1.468,"H",0.134,0.252,0.614,0.52,"L",0.005,0.073,0.922,0.0820000000000001,"L",0.001,0.032,0.967,0.0349999999999999,"L",0.94,0.06,0,1.94,"H",0.02,0.132,0.847,0.173,"L",0.022,0.262,0.716,0.306,"L",0.044,0.238,0.717,0.327,"L",0.04,0.234,0.726,0.315,"L",0.169,0.372,0.458,0.711,"L"
"S125","s04-10",0,0.068,0.932,0.069,"L",0.653,0.326,0.021,1.631,"H",0.106,0.233,0.662,0.444,"L",0.001,0.039,0.959,0.042,"L",0.001,0.031,0.968,0.0329999999999999,"L",0.517,0.459,0.024,1.492,"H",0.001,0.029,0.97,0.0309999999999999,"L",0.02,0.26,0.72,0.3,"L",0.019,0.17,0.811,0.209,"L",0.007,0.127,0.865,0.142,"L",0.005,0.095,0.9,0.105,"L"
"S132","s04-11",0.01,0.264,0.726,0.284,"L",0.522,0.41,0.068,1.454,"H",0.132,0.25,0.619,0.513,"L",0.004,0.07,0.926,0.0780000000000001,"L",0,0.006,0.994,0.00600000000000001,"L",0.972,0.028,0,1.972,"H",0.016,0.116,0.868,0.148,"L",0.094,0.443,0.463,0.631,"L",0.168,0.373,0.459,0.709,"L",0.042,0.234,0.724,0.319,"L",0.045,0.236,0.719,0.327,"L"
"S121","s04-12",0.215,0.643,0.142,1.072,"M",0.928,0.069,0.003,1.924,"H",0.221,0.303,0.476,0.745,"L",0.261,0.397,0.341,0.92,"M",0.006,0.056,0.938,0.0680000000000001,"L",0.977,0.023,0,1.977,"H",0.106,0.32,0.575,0.531,"L",0.311,0.495,0.194,1.118,"M",0.512,0.354,0.134,1.378,"H",0.059,0.216,0.725,0.333,"L",0.055,0.255,0.69,0.364,"L"
"S123","s04-13",0.965,0.035,0,1.965,"H",0.999,0.001,0,1.999,"H",0.305,0.335,0.36,0.946,"L",0.803,0.182,0.015,1.788,"H",0.02,0.141,0.839,0.181,"L",0.999,0.001,0,1.999,"H",0.37,0.452,0.178,1.192,"M",0.508,0.371,0.12,1.388,"H",0.687,0.262,0.051,1.636,"H",0.708,0.236,0.056,1.652,"H",0.611,0.319,0.07,1.54,"H"
"S130","s04-14",0.01,0.261,0.728,0.282,"L",0.521,0.411,0.068,1.452,"H",0.131,0.25,0.619,0.512,"L",0.02,0.146,0.835,0.185,"L",0,0.005,0.995,0.00499999999999989,"L",0.798,0.198,0.004,1.795,"H",0.011,0.098,0.891,0.119,"L",0.088,0.443,0.468,0.62,"L",0.333,0.402,0.266,1.067,"M",0.002,0.063,0.934,0.0680000000000001,"L",0.049,0.245,0.706,0.343,"L"
"S135","s04-15",0.609,0.361,0.03,1.58,"H",0.978,0.021,0.001,1.977,"H",0.27,0.323,0.407,0.863,"L",0.441,0.38,0.179,1.261,"H",0.003,0.053,0.944,0.0589999999999999,"L",0.976,0.024,0,1.976,"H",0.152,0.397,0.45,0.702,"L",0.645,0.311,0.044,1.601,"H",0.222,0.392,0.386,0.835,"M",0.309,0.345,0.347,0.962,"L",0.332,0.4,0.268,1.064,"M"
"S131","s04-16",0.578,0.382,0.04,1.539,"H",0.945,0.05,0.005,1.941,"H",0.266,0.321,0.413,0.853,"L",0.655,0.272,0.072,1.583,"H",0.001,0.022,0.977,0.024,"L",0.959,0.04,0.001,1.958,"H",0.182,0.405,0.413,0.77,"L",0.132,0.438,0.43,0.702,"M",0.056,0.263,0.682,0.374,"L",0.214,0.362,0.423,0.791,"L",0.33,0.397,0.272,1.058,"M"
"S119","s04-17",0.03,0.452,0.519,0.511,"L",0.794,0.194,0.012,1.782,"H",0.159,0.267,0.574,0.584,"L",0.035,0.201,0.763,0.272,"L",0,0.016,0.983,0.0169999999999999,"L",0.818,0.178,0.004,1.814,"H",0.012,0.116,0.873,0.139,"L",0.101,0.442,0.457,0.644,"L",0.006,0.096,0.898,0.107,"L",0.075,0.277,0.648,0.427,"L",0.083,0.302,0.615,0.468,"L"
"S133","s04-18",0.013,0.32,0.667,0.347,"L",0.743,0.242,0.015,1.728,"H",0.139,0.255,0.606,0.533,"L",0.086,0.269,0.645,0.442,"L",0.033,0.16,0.808,0.225,"L",0.854,0.144,0.002,1.852,"H",0.023,0.141,0.835,0.188,"L",0.027,0.264,0.709,0.318,"L",0.625,0.298,0.077,1.548,"H",0.014,0.134,0.852,0.163,"L",0.052,0.251,0.698,0.354,"L"
"S154","s05-01",0.945,0.055,0,1.945,"H",0.998,0.002,0,1.998,"H",0.303,0.335,0.362,0.941,"L",0.796,0.187,0.017,1.779,"H",0.212,0.312,0.476,0.735,"L",0.999,0.001,0,1.999,"H",0.419,0.43,0.151,1.269,"M",0.621,0.29,0.088,1.533,"H",0.877,0.115,0.008,1.869,"H",0.567,0.302,0.132,1.435,"H",0.822,0.163,0.015,1.807,"H"
"S156","s05-02",0.173,0.625,0.202,0.971,"M",0.957,0.042,0.001,1.956,"H",0.21,0.297,0.493,0.717,"L",0.456,0.356,0.188,1.268,"H",0.002,0.036,0.962,0.04,"L",0.941,0.058,0.001,1.941,"H",0.06,0.261,0.68,0.38,"L",0.6,0.348,0.051,1.549,"H",0.337,0.401,0.262,1.076,"M",0.174,0.311,0.516,0.658,"L",0.156,0.366,0.477,0.679,"L"
"S143","s05-03",0.552,0.426,0.022,1.53,"H",0.979,0.02,0.001,1.978,"H",0.266,0.322,0.412,0.853,"L",0.653,0.28,0.067,1.585,"H",0,0.01,0.99,0.01,"L",0.992,0.008,0,1.992,"H",0.088,0.339,0.573,0.515,"L",0.025,0.265,0.71,0.316,"L",0.225,0.393,0.382,0.843,"M",0.066,0.268,0.665,0.401,"L",0.332,0.398,0.27,1.061,"M"
"S152","s05-04",0.68,0.311,0.01,1.67,"H",0.991,0.009,0,1.99,"H",0.279,0.327,0.395,0.884,"L",0.701,0.251,0.048,1.653,"H",0.004,0.04,0.956,0.0489999999999999,"L",0.99,0.01,0,1.99,"H",0.082,0.345,0.573,0.51,"L",0.03,0.268,0.702,0.328,"L",0.544,0.339,0.117,1.427,"H",0.08,0.288,0.632,0.448,"L",0.373,0.397,0.23,1.143,"M"
"S146","s05-05",0.057,0.401,0.542,0.515,"L",0.627,0.322,0.051,1.576,"H",0.158,0.266,0.576,0.582,"L",0.126,0.3,0.574,0.553,"L",0.002,0.022,0.976,0.026,"L",0.914,0.084,0.002,1.913,"H",0.102,0.261,0.637,0.465,"L",0.21,0.425,0.365,0.845,"M",0.128,0.343,0.529,0.599,"L",0.071,0.257,0.672,0.399,"L",0.066,0.248,0.686,0.38,"L"
"S142","s05-06",0.012,0.343,0.645,0.368,"L",0.751,0.235,0.015,1.736,"H",0.142,0.257,0.602,0.54,"L",0.239,0.354,0.408,0.831,"L",0,0.014,0.986,0.014,"L",0.725,0.267,0.009,1.716,"H",0.013,0.113,0.874,0.139,"L",0.092,0.443,0.465,0.627,"L",0.066,0.281,0.652,0.414,"L",0.016,0.149,0.835,0.181,"L",0.014,0.144,0.843,0.171,"L"
"S141","s05-07",0.741,0.247,0.012,1.729,"H",0.988,0.011,0,1.988,"H",0.284,0.328,0.388,0.896,"L",0.497,0.368,0.135,1.362,"H",0.022,0.136,0.842,0.179,"L",0.988,0.012,0,1.988,"H",0.14,0.404,0.455,0.685,"L",0.682,0.279,0.039,1.643,"H",0.544,0.338,0.118,1.426,"H",0.373,0.343,0.284,1.088,"H",0.37,0.403,0.227,1.143,"M"
"S145","s05-08",0.01,0.256,0.734,0.276,"L",0.72,0.263,0.017,1.703,"H",0.131,0.249,0.62,0.51,"L",0.019,0.144,0.837,0.183,"L",0,0.012,0.988,0.0129999999999999,"L",0.239,0.575,0.186,1.053,"M",0.001,0.031,0.968,0.0329999999999999,"L",0.092,0.443,0.465,0.626,"L",0.003,0.072,0.925,0.0780000000000001,"L",0.02,0.171,0.809,0.21,"L",0.015,0.15,0.834,0.181,"L"
"S148","s05-09",0.633,0.349,0.018,1.615,"H",0.983,0.017,0.001,1.982,"H",0.273,0.325,0.402,0.871,"L",0.682,0.261,0.057,1.625,"H",0.196,0.267,0.537,0.66,"L",0.974,0.026,0,1.973,"H",0.255,0.422,0.323,0.932,"M",0.127,0.293,0.581,0.546,"L",0.84,0.146,0.014,1.825,"H",0.201,0.331,0.468,0.733,"L",0.243,0.404,0.353,0.89,"M"
"S144","s05-10",0.979,0.021,0,1.979,"H",0.999,0.001,0,1.999,"H",0.306,0.335,0.358,0.948,"L",0.808,0.179,0.013,1.794,"H",0.176,0.293,0.531,0.646,"L",1,0,0,2,"H",0.678,0.283,0.039,1.639,"H",0.828,0.154,0.017,1.811,"H",0.915,0.082,0.004,1.911,"H",0.846,0.136,0.018,1.829,"H",0.756,0.218,0.026,1.73,"H"
"S140","s05-11",0.016,0.282,0.702,0.314,"L",0.851,0.144,0.005,1.846,"H",0.135,0.252,0.613,0.522,"L",0.049,0.165,0.786,0.263,"L",0.01,0.05,0.94,0.071,"L",0.68,0.297,0.023,1.657,"H",0.027,0.15,0.823,0.204,"L",0.216,0.423,0.362,0.854,"M",0.044,0.223,0.733,0.311,"L",0.071,0.263,0.666,0.405,"L",0.049,0.222,0.728,0.321,"L"
"S151","s05-12",0.075,0.475,0.451,0.624,"M",0.818,0.171,0.01,1.808,"H",0.171,0.274,0.555,0.616,"L",0.331,0.357,0.312,1.018,"M",0.001,0.028,0.97,0.0309999999999999,"L",0.48,0.441,0.078,1.402,"H",0.026,0.169,0.804,0.222,"L",0.095,0.442,0.462,0.633,"L",0.123,0.347,0.53,0.593,"L",0.017,0.145,0.838,0.18,"L",0.085,0.299,0.615,0.47,"L"
"S147","s05-13",0.791,0.201,0.008,1.782,"H",0.979,0.02,0.001,1.978,"H",0.289,0.33,0.382,0.907,"L",0.74,0.224,0.036,1.703,"H",0.002,0.042,0.956,0.046,"L",0.996,0.004,0,1.996,"H",0.217,0.438,0.344,0.873,"M",0.409,0.435,0.156,1.253,"M",0.78,0.193,0.027,1.753,"H",0.428,0.352,0.22,1.207,"H",0.576,0.325,0.099,1.476,"H"
"S149","s05-14",0.134,0.611,0.256,0.878,"M",0.887,0.107,0.006,1.881,"H",0.2,0.292,0.509,0.691,"L",0.208,0.375,0.417,0.791,"L",0.003,0.04,0.958,0.0449999999999999,"L",0.96,0.04,0,1.96,"H",0.067,0.265,0.668,0.398,"L",0.597,0.351,0.052,1.545,"H",0.108,0.33,0.562,0.546,"L",0.165,0.305,0.53,0.634,"L",0.04,0.223,0.737,0.303,"L"
"S155","s05-15",0.018,0.394,0.589,0.429,"L",0.77,0.217,0.014,1.756,"H",0.149,0.261,0.59,0.559,"L",0.029,0.182,0.789,0.24,"L",0,0.012,0.988,0.012,"L",0.743,0.248,0.008,1.735,"H",0.015,0.125,0.86,0.155,"L",0.092,0.443,0.465,0.627,"L",0.072,0.29,0.638,0.433,"L",0.018,0.154,0.828,0.19,"L",0.016,0.154,0.829,0.187,"L"
"S150","s05-16",0.167,0.606,0.228,0.939,"M",0.897,0.097,0.005,1.892,"H",0.206,0.295,0.499,0.707,"L",0.227,0.379,0.395,0.832,"L",0,0.008,0.992,0.00800000000000001,"L",0.886,0.111,0.003,1.884,"H",0.065,0.263,0.672,0.393,"L",0.109,0.441,0.45,0.66,"L",0.343,0.4,0.257,1.087,"M",0.123,0.314,0.562,0.561,"L",0.046,0.235,0.719,0.327,"L"
"S153","s05-17",0.001,0.058,0.941,0.0600000000000001,"L",0.402,0.51,0.087,1.315,"M",0.105,0.232,0.663,0.441,"L",0.007,0.09,0.903,0.104,"L",0.008,0.071,0.921,0.087,"L",0.208,0.649,0.143,1.065,"M",0,0.011,0.988,0.012,"L",0.28,0.514,0.206,1.075,"M",0.233,0.402,0.366,0.867,"M",0.008,0.11,0.883,0.125,"L",0.02,0.184,0.796,0.224,"L"
"S160","s06-01",0.085,0.551,0.364,0.721,"M",0.848,0.143,0.008,1.84,"H",0.182,0.281,0.536,0.646,"L",0.366,0.362,0.271,1.095,"H",0.002,0.028,0.97,0.032,"L",0.972,0.028,0,1.972,"H",0.104,0.288,0.608,0.496,"L",0.298,0.503,0.199,1.099,"M",0.394,0.39,0.216,1.178,"H",0.058,0.225,0.717,0.341,"L",0.22,0.388,0.393,0.827,"L"
"S159","s06-02",0.018,0.411,0.571,0.447,"L",0.608,0.338,0.054,1.554,"H",0.151,0.263,0.586,0.565,"L",0.006,0.093,0.901,0.106,"L",0.013,0.089,0.898,0.114,"L",0.808,0.188,0.004,1.803,"H",0.002,0.052,0.946,0.056,"L",0.104,0.44,0.456,0.648,"L",0.366,0.395,0.239,1.127,"M",0.024,0.158,0.818,0.206,"L",0.015,0.151,0.834,0.182,"L"
"S165","s06-03",0.002,0.073,0.926,0.0760000000000001,"L",0.202,0.553,0.246,0.956,"M",0.107,0.233,0.66,0.446,"L",0.001,0.041,0.958,0.0429999999999999,"L",0,0.011,0.989,0.0109999999999999,"L",0.218,0.645,0.137,1.082,"M",0.001,0.029,0.97,0.0309999999999999,"L",0.272,0.519,0.208,1.064,"M",0.136,0.36,0.504,0.632,"L",0.006,0.108,0.886,0.12,"L",0.022,0.189,0.789,0.233,"L"
"S166","s06-04",0.001,0.062,0.937,0.0629999999999999,"L",0.194,0.557,0.249,0.945,"M",0.105,0.232,0.663,0.442,"L",0.001,0.039,0.96,0.0409999999999999,"L",0,0.005,0.995,0.00499999999999989,"L",0.717,0.276,0.007,1.71,"H",0.003,0.048,0.949,0.0529999999999999,"L",0.088,0.443,0.468,0.62,"L",0.158,0.375,0.467,0.692,"L",0.006,0.117,0.877,0.129,"L",0.004,0.086,0.91,0.0940000000000001,"L"
"S169","s06-05",0,0.08,0.92,0.081,"L",0.657,0.322,0.021,1.636,"H",0.107,0.234,0.659,0.448,"L",0.001,0.041,0.957,0.044,"L",0,0.013,0.987,0.0129999999999999,"L",0.404,0.547,0.05,1.354,"M",0.001,0.029,0.97,0.0309999999999999,"L",0.089,0.443,0.468,0.622,"L",0.11,0.338,0.552,0.558,"L",0.009,0.134,0.857,0.151,"L",0.006,0.1,0.895,0.111,"L"
"S164","s06-06",0.01,0.156,0.834,0.176,"L",0.263,0.514,0.223,1.04,"M",0.118,0.241,0.641,0.478,"L",0.003,0.055,0.942,0.0609999999999999,"L",0.001,0.028,0.97,0.0309999999999999,"L",0.224,0.62,0.156,1.068,"M",0.006,0.073,0.92,0.0860000000000001,"L",0.094,0.443,0.463,0.631,"L",0.006,0.101,0.893,0.113,"L",0.033,0.223,0.744,0.288,"L",0.034,0.215,0.751,0.283,"L"
"S157","s06-07",0,0.024,0.976,0.024,"L",0.383,0.527,0.09,1.292,"M",0.1,0.229,0.671,0.43,"L",0.001,0.033,0.966,0.0349999999999999,"L",0.001,0.027,0.972,0.0289999999999999,"L",0.218,0.669,0.112,1.106,"M",0,0.021,0.979,0.0209999999999999,"L",0.091,0.443,0.466,0.625,"L",0.001,0.05,0.949,0.0529999999999999,"L",0.02,0.204,0.776,0.244,"L",0.017,0.178,0.805,0.212,"L"
"S163","s06-08",0.001,0.067,0.931,0.0700000000000001,"L",0.198,0.555,0.247,0.951,"M",0.106,0.233,0.661,0.444,"L",0.001,0.04,0.959,0.042,"L",0,0.012,0.988,0.012,"L",0.094,0.604,0.303,0.791,"M",0,0.018,0.982,0.0189999999999999,"L",0.089,0.443,0.467,0.622,"L",0.016,0.155,0.829,0.187,"L",0.012,0.157,0.831,0.181,"L",0.008,0.116,0.877,0.131,"L"
"S170","s06-09",0.002,0.144,0.854,0.148,"L",0.451,0.47,0.079,1.371,"M",0.115,0.239,0.646,0.47,"L",0.002,0.051,0.947,0.0549999999999999,"L",0.001,0.028,0.971,0.03,"L",0.778,0.218,0.004,1.774,"H",0.002,0.043,0.955,0.0469999999999999,"L",0.021,0.26,0.719,0.302,"L",0.147,0.364,0.489,0.658,"L",0.017,0.173,0.81,0.207,"L",0.018,0.166,0.816,0.202,"L"
"S167","s06-10",0.003,0.172,0.825,0.178,"L",0.689,0.292,0.019,1.67,"H",0.119,0.242,0.64,0.479,"L",0.003,0.055,0.943,0.0600000000000001,"L",0,0.005,0.995,0.00499999999999989,"L",0.312,0.593,0.095,1.218,"M",0.001,0.028,0.972,0.0289999999999999,"L",0.088,0.443,0.468,0.62,"L",0.032,0.213,0.754,0.278,"L",0.003,0.072,0.925,0.0780000000000001,"L",0.049,0.256,0.695,0.353,"L"
"S161","s06-11",0.086,0.652,0.262,0.825,"M",0.883,0.111,0.006,1.877,"H",0.195,0.29,0.515,0.68,"L",0.063,0.275,0.662,0.401,"L",0.001,0.017,0.983,0.018,"L",0.875,0.122,0.003,1.872,"H",0.014,0.139,0.847,0.167,"L",0.281,0.514,0.205,1.077,"M",0.116,0.346,0.538,0.579,"L",0.011,0.106,0.883,0.128,"L",0.038,0.226,0.737,0.301,"L"
"S168","s06-12",0.002,0.061,0.937,0.0640000000000001,"L",0.194,0.557,0.249,0.945,"M",0.105,0.232,0.663,0.443,"L",0.001,0.039,0.96,0.042,"L",0,0.022,0.978,0.0229999999999999,"L",0.133,0.649,0.218,0.914,"M",0.003,0.055,0.941,0.0620000000000001,"L",0.02,0.26,0.719,0.301,"L",0.005,0.095,0.899,0.106,"L",0.022,0.212,0.767,0.255,"L",0.108,0.356,0.536,0.571,"L"
"S158","s06-13",0.059,0.594,0.347,0.712,"M",0.853,0.139,0.008,1.845,"H",0.182,0.282,0.536,0.646,"L",0.013,0.134,0.854,0.159,"L",0.006,0.054,0.94,0.0649999999999999,"L",0.755,0.233,0.012,1.743,"H",0.012,0.127,0.86,0.152,"L",0.565,0.378,0.057,1.507,"H",0.709,0.245,0.046,1.663,"H",0.026,0.148,0.826,0.2,"L",0.068,0.289,0.643,0.425,"L"
"S171","s06-14",0.004,0.242,0.754,0.25,"L",0.713,0.27,0.017,1.696,"H",0.128,0.247,0.625,0.503,"L",0.003,0.065,0.932,0.071,"L",0,0.013,0.986,0.014,"L",0.572,0.406,0.022,1.55,"H",0.011,0.101,0.888,0.123,"L",0.091,0.443,0.466,0.624,"L",0.012,0.136,0.853,0.159,"L",0.013,0.144,0.843,0.17,"L",0.01,0.128,0.862,0.149,"L"
"S162","s06-15",0,0.002,0.998,0.002,"L",0.154,0.582,0.264,0.89,"M",0.098,0.227,0.675,0.422,"L",0.001,0.03,0.969,0.0309999999999999,"L",0,0.012,0.988,0.012,"L",0.022,0.469,0.509,0.513,"L",0,0.015,0.984,0.016,"L",0.02,0.26,0.721,0.299,"L",0.003,0.068,0.93,0.073,"L",0.01,0.159,0.831,0.179,"L",0.006,0.11,0.884,0.122,"L"
"S179","s07-01",0.13,0.575,0.294,0.836,"M",0.77,0.201,0.029,1.741,"H",0.195,0.288,0.517,0.678,"L",0.073,0.273,0.654,0.419,"L",0,0.012,0.987,0.0129999999999999,"L",0.83,0.164,0.006,1.824,"H",0.016,0.143,0.841,0.175,"L",0.021,0.261,0.719,0.302,"L",0.124,0.343,0.533,0.591,"L",0.008,0.101,0.892,0.116,"L",0.151,0.356,0.493,0.658,"L"
"S182","s07-02",0.006,0.306,0.688,0.318,"L",0.736,0.249,0.016,1.72,"H",0.136,0.253,0.611,0.525,"L",0.004,0.074,0.922,0.083,"L",0.004,0.044,0.952,0.0529999999999999,"L",0.891,0.108,0.001,1.89,"H",0.004,0.061,0.936,0.0680000000000001,"L",0.297,0.504,0.199,1.098,"M",0.307,0.402,0.292,1.015,"M",0.067,0.251,0.682,0.384,"L",0.01,0.123,0.867,0.143,"L"
"S183","s07-03",0.001,0.063,0.935,0.0660000000000001,"L",0.195,0.557,0.248,0.947,"M",0.105,0.233,0.662,0.443,"L",0.001,0.039,0.959,0.042,"L",0.314,0.263,0.423,0.89,"L",0.211,0.655,0.134,1.076,"M",0.02,0.134,0.847,0.173,"L",0.5,0.369,0.131,1.368,"H",0.012,0.137,0.852,0.16,"L",0.269,0.326,0.405,0.864,"L",0.017,0.173,0.81,0.207,"L"
"S187","s07-04",0,0.03,0.969,0.0309999999999999,"L",0.173,0.571,0.257,0.916,"M",0.101,0.23,0.669,0.432,"L",0.001,0.034,0.965,0.036,"L",0.001,0.023,0.977,0.024,"L",0.212,0.665,0.123,1.089,"M",0.023,0.144,0.833,0.19,"L",0.022,0.261,0.717,0.305,"L",0.011,0.131,0.858,0.152,"L",0.067,0.339,0.594,0.472,"L",0.017,0.176,0.807,0.21,"L"
"S184","s07-05",0,0.038,0.962,0.0389999999999999,"L",0.178,0.568,0.255,0.923,"M",0.102,0.23,0.668,0.434,"L",0.001,0.035,0.964,0.0369999999999999,"L",0,0.005,0.995,0.00499999999999989,"L",0.204,0.669,0.127,1.077,"M",0.001,0.023,0.976,0.0249999999999999,"L",0.091,0.443,0.466,0.626,"L",0.002,0.052,0.947,0.0549999999999999,"L",0.038,0.266,0.697,0.341,"L",0.005,0.1,0.894,0.111,"L"
"S178","s07-06",0.017,0.322,0.661,0.356,"L",0.558,0.38,0.062,1.496,"H",0.14,0.255,0.605,0.535,"L",0.005,0.08,0.914,0.091,"L",0,0.014,0.986,0.0149999999999999,"L",0.441,0.495,0.064,1.377,"M",0.004,0.065,0.931,0.073,"L",0.092,0.443,0.465,0.628,"L",0.039,0.231,0.73,0.31,"L",0.019,0.165,0.816,0.203,"L",0.016,0.153,0.83,0.186,"L"
"S186","s07-07",0.002,0.114,0.884,0.118,"L",0.434,0.484,0.082,1.352,"M",0.112,0.237,0.652,0.46,"L",0.002,0.046,0.952,0.05,"L",0,0.013,0.987,0.0129999999999999,"L",0.28,0.62,0.101,1.179,"M",0.001,0.023,0.976,0.024,"L",0.088,0.443,0.468,0.62,"L",0.03,0.206,0.764,0.265,"L",0.002,0.069,0.928,0.0740000000000001,"L",0.041,0.242,0.717,0.324,"L"
"S181","s07-08",0,0,1,0,"L",0.153,0.583,0.264,0.888,"M",0.097,0.227,0.675,0.422,"L",0.001,0.03,0.969,0.0309999999999999,"L",0,0.005,0.995,0.00499999999999989,"L",0.027,0.505,0.467,0.56,"M",0,0.009,0.991,0.0089999999999999,"L",0.087,0.443,0.469,0.618,"L",0.002,0.066,0.931,0.071,"L",0.002,0.076,0.922,0.0800000000000001,"L",0.006,0.109,0.885,0.12,"L"
"S177","s07-09",0,0.003,0.997,0.00299999999999989,"L",0.371,0.536,0.092,1.279,"M",0.098,0.227,0.675,0.423,"L",0.001,0.031,0.969,0.032,"L",0,0.005,0.995,0.00499999999999989,"L",0.144,0.687,0.169,0.976,"M",0.001,0.029,0.971,0.03,"L",0.02,0.259,0.721,0.299,"L",0.004,0.088,0.908,0.097,"L",0.008,0.14,0.852,0.156,"L",0.004,0.097,0.898,0.106,"L"
"S188","s07-10",0,0.003,0.997,0.00299999999999989,"L",0.154,0.582,0.264,0.89,"M",0.098,0.227,0.675,0.423,"L",0.001,0.03,0.969,0.032,"L",0.001,0.028,0.971,0.03,"L",0.02,0.453,0.526,0.494,"L",0.001,0.026,0.974,0.0269999999999999,"L",0.021,0.261,0.718,0.303,"L",0.003,0.068,0.93,0.073,"L",0.044,0.293,0.664,0.38,"L",0.006,0.109,0.885,0.121,"L"
"S180","s07-11",0.002,0.149,0.849,0.153,"L",0.453,0.468,0.079,1.374,"M",0.116,0.24,0.645,0.471,"L",0.002,0.051,0.947,0.056,"L",0.001,0.022,0.977,0.024,"L",0.805,0.191,0.003,1.802,"H",0,0.021,0.978,0.022,"L",0.558,0.384,0.058,1.5,"H",0.152,0.367,0.481,0.671,"L",0.053,0.24,0.708,0.345,"L",0.006,0.099,0.895,0.111,"L"
"S189","s07-12",0,0.004,0.996,0.004,"L",0.155,0.582,0.263,0.891,"M",0.098,0.227,0.675,0.423,"L",0.001,0.031,0.969,0.032,"L",0.001,0.024,0.975,0.026,"L",0.213,0.672,0.115,1.098,"M",0.002,0.042,0.956,0.046,"L",0.092,0.443,0.465,0.627,"L",0.024,0.191,0.784,0.24,"L",0.034,0.258,0.708,0.325,"L",0.004,0.092,0.904,0.1,"L"
"S201","s08-01",0,0.031,0.969,0.0309999999999999,"L",0.828,0.168,0.004,1.824,"H",0.101,0.23,0.669,0.432,"L",0.001,0.034,0.965,0.036,"L",0,0.012,0.988,0.012,"L",0.176,0.674,0.15,1.026,"M",0,0.014,0.986,0.014,"L",0.02,0.26,0.721,0.299,"L",0.011,0.133,0.856,0.155,"L",0.008,0.142,0.85,0.159,"L",0.005,0.101,0.894,0.111,"L"
"S198","s08-02",0,0.012,0.988,0.012,"L",0.161,0.578,0.261,0.899,"M",0.099,0.228,0.673,0.426,"L",0.001,0.032,0.968,0.0329999999999999,"L",0,0.013,0.987,0.0129999999999999,"L",0.257,0.652,0.091,1.166,"M",0.001,0.026,0.973,0.028,"L",0.089,0.443,0.468,0.621,"L",0.024,0.188,0.788,0.236,"L",0.008,0.135,0.858,0.15,"L",0.004,0.093,0.903,0.101,"L"
"S197","s08-03",0,0.002,0.998,0.002,"L",0.154,0.583,0.264,0.89,"M",0.098,0.227,0.675,0.422,"L",0.001,0.03,0.969,0.0309999999999999,"L",0,0.011,0.989,0.0109999999999999,"L",0.163,0.688,0.149,1.015,"M",0.001,0.028,0.971,0.0289999999999999,"L",0.02,0.259,0.721,0.299,"L",0.004,0.086,0.91,0.0940000000000001,"L",0.007,0.139,0.854,0.153,"L",0.004,0.096,0.9,0.104,"L"
"S194","s08-04",0,0.002,0.998,0.002,"L",0.153,0.583,0.264,0.89,"M",0.098,0.227,0.675,0.422,"L",0.001,0.03,0.969,0.0309999999999999,"L",0,0.012,0.988,0.012,"L",0.015,0.404,0.581,0.433,"L",0,0.021,0.978,0.022,"L",0.02,0.259,0.721,0.298,"L",0.008,0.116,0.876,0.132,"L",0.002,0.078,0.92,0.0820000000000001,"L",0.006,0.112,0.881,0.125,"L"
"S195","s08-05",0,0.008,0.992,0.00800000000000001,"L",0.158,0.58,0.262,0.896,"M",0.098,0.228,0.674,0.425,"L",0.001,0.031,0.968,0.032,"L",0.001,0.031,0.968,0.0329999999999999,"L",0.024,0.469,0.507,0.517,"L",0,0.016,0.984,0.016,"L",0.02,0.26,0.72,0.3,"L",0.003,0.068,0.929,0.073,"L",0.011,0.16,0.83,0.181,"L",0.006,0.111,0.883,0.123,"L"
"S202","s08-06",0.001,0.148,0.85,0.151,"L",0.848,0.149,0.004,1.844,"H",0.116,0.239,0.645,0.471,"L",0.002,0.051,0.947,0.0549999999999999,"L",0,0.014,0.986,0.014,"L",0.565,0.413,0.022,1.544,"H",0.009,0.09,0.9,0.109,"L",0.272,0.52,0.209,1.063,"M",0.115,0.341,0.544,0.571,"L",0.002,0.064,0.933,0.069,"L",0.007,0.108,0.885,0.121,"L"
"S199","s08-07",0,0.012,0.988,0.012,"L",0.376,0.532,0.092,1.285,"M",0.099,0.228,0.673,0.426,"L",0.001,0.032,0.968,0.0329999999999999,"L",0.001,0.027,0.972,0.0289999999999999,"L",0.395,0.56,0.045,1.349,"M",0.003,0.052,0.946,0.0569999999999999,"L",0.02,0.26,0.72,0.299,"L",0.048,0.253,0.698,0.35,"L",0.006,0.125,0.869,0.138,"L",0.004,0.088,0.909,0.095,"L"
"S204","s08-08",0,0.051,0.949,0.052,"L",0.647,0.332,0.022,1.625,"H",0.104,0.231,0.665,0.439,"L",0.031,0.188,0.781,0.249,"L",0.001,0.031,0.968,0.0329999999999999,"L",0.147,0.662,0.191,0.956,"M",0,0.021,0.979,0.022,"L",0.02,0.259,0.721,0.299,"L",0.005,0.094,0.901,0.104,"L",0.002,0.07,0.928,0.073,"L",0.036,0.238,0.726,0.31,"L"
"S203","s08-09",0,0.024,0.976,0.024,"L",0.168,0.573,0.258,0.91,"M",0.1,0.229,0.671,0.43,"L",0.001,0.033,0.966,0.0349999999999999,"L",0.004,0.063,0.933,0.071,"L",0.085,0.636,0.279,0.806,"M",0.001,0.023,0.976,0.0249999999999999,"L",0.022,0.261,0.718,0.304,"L",0.002,0.059,0.939,0.0629999999999999,"L",0.023,0.217,0.76,0.263,"L",0.02,0.191,0.789,0.232,"L"
"S200","s08-10",0.007,0.254,0.739,0.268,"L",0.515,0.416,0.069,1.445,"H",0.13,0.249,0.622,0.508,"L",0.004,0.068,0.929,0.075,"L",0.001,0.019,0.981,0.02,"L",0.692,0.298,0.01,1.682,"H",0.009,0.094,0.897,0.113,"L",0.551,0.389,0.059,1.492,"H",0.058,0.267,0.676,0.382,"L",0.02,0.148,0.833,0.187,"L",0.011,0.126,0.864,0.147,"L"
"S196","s08-11",0.003,0.132,0.865,0.138,"L",0.242,0.527,0.231,1.011,"M",0.114,0.238,0.648,0.466,"L",0.002,0.049,0.949,0.0529999999999999,"L",0,0.013,0.987,0.0129999999999999,"L",0.651,0.338,0.012,1.639,"H",0.006,0.07,0.924,0.081,"L",0.09,0.443,0.467,0.622,"L",0.047,0.247,0.706,0.341,"L",0.009,0.128,0.863,0.147,"L",0.007,0.103,0.89,0.117,"L"
"S208","s09-01",0.305,0.588,0.107,1.199,"M",0.932,0.062,0.006,1.926,"H",0.233,0.308,0.458,0.775,"L",0.483,0.341,0.175,1.308,"H",0.001,0.02,0.978,0.0229999999999999,"L",0.935,0.063,0.003,1.932,"H",0.056,0.252,0.692,0.364,"L",0.203,0.428,0.369,0.834,"M",0.684,0.242,0.075,1.609,"H",0.016,0.129,0.856,0.16,"L",0.197,0.358,0.446,0.751,"L"
"S209","s09-02",0.061,0.318,0.621,0.44,"L",0.414,0.417,0.169,1.245,"M",0.149,0.26,0.591,0.558,"L",0.114,0.277,0.61,0.504,"L",0,0.007,0.993,0.0069999999999999,"L",0.707,0.282,0.011,1.696,"H",0.019,0.132,0.849,0.17,"L",0.104,0.442,0.454,0.65,"L",0.065,0.269,0.666,0.399,"L",0.123,0.333,0.545,0.578,"L",0.051,0.229,0.72,0.332,"L"
"S216","s09-03",0.948,0.052,0,1.947,"H",0.998,0.002,0,1.998,"H",0.304,0.335,0.362,0.942,"L",0.797,0.186,0.017,1.78,"H",0.015,0.106,0.879,0.137,"L",1,0,0,2,"H",0.366,0.45,0.184,1.182,"M",0.418,0.428,0.154,1.264,"M",0.714,0.243,0.043,1.671,"H",0.323,0.371,0.306,1.017,"M",0.713,0.248,0.039,1.675,"H"
"S214","s09-04",0.001,0.058,0.941,0.0600000000000001,"L",0.402,0.51,0.087,1.315,"M",0.105,0.232,0.663,0.441,"L",0.001,0.038,0.961,0.0409999999999999,"L",0.004,0.056,0.94,0.0629999999999999,"L",0.279,0.633,0.088,1.192,"M",0.005,0.069,0.926,0.079,"L",0.022,0.261,0.716,0.306,"L",0.009,0.118,0.873,0.135,"L",0.039,0.268,0.693,0.346,"L",0.053,0.28,0.667,0.386,"L"
"S218","s09-05",0.049,0.457,0.494,0.555,"L",0.803,0.186,0.011,1.792,"H",0.163,0.27,0.567,0.596,"L",0.306,0.359,0.335,0.971,"M",0.001,0.019,0.981,0.02,"L",0.505,0.433,0.062,1.444,"H",0.003,0.057,0.941,0.0620000000000001,"L",0.552,0.389,0.059,1.492,"H",0.053,0.259,0.688,0.366,"L",0.01,0.102,0.887,0.123,"L",0.107,0.327,0.566,0.542,"L"
"S217","s09-06",0.027,0.43,0.543,0.484,"L",0.786,0.202,0.013,1.773,"H",0.155,0.265,0.579,0.576,"L",0.008,0.099,0.893,0.114,"L",0,0.014,0.985,0.0149999999999999,"L",0.489,0.451,0.06,1.429,"H",0.023,0.157,0.82,0.204,"L",0.093,0.443,0.464,0.63,"L",0.021,0.177,0.803,0.218,"L",0.023,0.173,0.804,0.218,"L",0.021,0.176,0.802,0.219,"L"
"S223","s09-07",0,0.029,0.971,0.03,"L",0.172,0.571,0.257,0.915,"M",0.101,0.23,0.669,0.431,"L",0.001,0.034,0.965,0.036,"L",0.001,0.028,0.972,0.0289999999999999,"L",0.126,0.662,0.212,0.914,"M",0.001,0.031,0.968,0.0329999999999999,"L",0.02,0.26,0.72,0.3,"L",0.032,0.214,0.754,0.278,"L",0.009,0.145,0.846,0.163,"L",0.005,0.103,0.891,0.114,"L"
"S212","s09-08",0.001,0.068,0.931,0.0700000000000001,"L",0.198,0.555,0.247,0.951,"M",0.106,0.233,0.661,0.445,"L",0.001,0.04,0.959,0.042,"L",0.001,0.031,0.967,0.034,"L",0.354,0.588,0.059,1.295,"M",0.003,0.052,0.945,0.0580000000000001,"L",0.094,0.442,0.463,0.631,"L",0.004,0.079,0.917,0.0860000000000001,"L",0.039,0.256,0.706,0.333,"L",0.006,0.1,0.895,0.111,"L"
"S210","s09-09",0,0.036,0.964,0.036,"L",0.176,0.568,0.255,0.921,"M",0.102,0.23,0.668,0.434,"L",0.001,0.035,0.964,0.0369999999999999,"L",0,0.006,0.994,0.00600000000000001,"L",0.617,0.37,0.013,1.604,"H",0.003,0.051,0.946,0.056,"L",0.544,0.395,0.06,1.484,"H",0.039,0.232,0.73,0.309,"L",0.009,0.123,0.868,0.141,"L",0.004,0.086,0.911,0.093,"L"
"S220","s09-10",0.155,0.586,0.259,0.896,"M",0.886,0.108,0.006,1.88,"H",0.201,0.292,0.507,0.695,"L",0.429,0.355,0.216,1.213,"H",0,0.005,0.994,0.00600000000000001,"L",0.589,0.349,0.062,1.527,"H",0.001,0.047,0.952,0.0489999999999999,"L",0.093,0.443,0.464,0.629,"L",0.039,0.228,0.733,0.306,"L",0.012,0.122,0.866,0.146,"L",0.185,0.376,0.439,0.746,"L"
"S222","s09-11",0,0.008,0.992,0.00800000000000001,"L",0.374,0.534,0.092,1.282,"M",0.098,0.228,0.674,0.424,"L",0.001,0.031,0.968,0.032,"L",0,0.011,0.989,0.0109999999999999,"L",0.316,0.614,0.07,1.246,"M",0,0.011,0.989,0.0109999999999999,"L",0.271,0.52,0.209,1.062,"M",0.003,0.066,0.931,0.0720000000000001,"L",0.004,0.098,0.898,0.106,"L",0.026,0.199,0.775,0.251,"L"
"S211","s09-12",0.001,0.094,0.906,0.095,"L",0.422,0.494,0.084,1.338,"M",0.109,0.235,0.656,0.453,"L",0.002,0.043,0.955,0.046,"L",0,0.012,0.988,0.012,"L",0.826,0.172,0.002,1.824,"H",0.001,0.026,0.973,0.0269999999999999,"L",0.02,0.26,0.721,0.299,"L",0.073,0.293,0.634,0.439,"L",0.007,0.116,0.877,0.13,"L",0.005,0.09,0.905,0.1,"L"
"S221","s09-13",0.264,0.584,0.152,1.112,"M",0.859,0.126,0.016,1.843,"H",0.224,0.304,0.472,0.752,"L",0.116,0.328,0.557,0.559,"L",0.001,0.02,0.98,0.0209999999999999,"L",0.933,0.066,0.001,1.932,"H",0.021,0.177,0.801,0.22,"L",0.111,0.441,0.449,0.662,"L",0.368,0.393,0.239,1.128,"M",0.098,0.285,0.617,0.481,"L",0.143,0.347,0.511,0.632,"L"
"S215","s09-14",0.111,0.64,0.249,0.862,"M",0.948,0.051,0.001,1.947,"H",0.199,0.292,0.51,0.689,"L",0.2,0.379,0.42,0.78,"L",0,0.006,0.994,0.00600000000000001,"L",0.916,0.082,0.001,1.915,"H",0.007,0.104,0.888,0.119,"L",0.097,0.443,0.461,0.636,"L",0.202,0.391,0.407,0.795,"L",0.035,0.195,0.77,0.265,"L",0.143,0.362,0.495,0.648,"L"
"S219","s09-15",0.033,0.447,0.52,0.513,"L",0.638,0.313,0.049,1.588,"H",0.159,0.267,0.574,0.585,"L",0.008,0.104,0.888,0.12,"L",0,0.007,0.993,0.0069999999999999,"L",0.679,0.305,0.016,1.663,"H",0.022,0.154,0.824,0.199,"L",0.282,0.513,0.205,1.077,"M",0.018,0.163,0.819,0.198,"L",0.026,0.171,0.803,0.223,"L",0.021,0.174,0.805,0.217,"L"
"S213","s09-16",0,0.028,0.972,0.028,"L",0.385,0.525,0.09,1.295,"M",0.101,0.229,0.67,0.431,"L",0.001,0.034,0.965,0.036,"L",0,0.013,0.987,0.0129999999999999,"L",0.373,0.578,0.049,1.324,"M",0,0.012,0.988,0.012,"L",0.089,0.443,0.468,0.621,"L",0.008,0.113,0.879,0.129,"L",0.008,0.131,0.861,0.146,"L",0.004,0.092,0.903,0.101,"L"
